#id,quiz_data_id,option,correct
1,1,MSG_QUIZ_PROGRAMMING_QUESTION_OPTION_1,0
2,1,MSG_QUIZ_PROGRAMMING_QUESTION_OPTION_2,0
3,1,MSG_QUIZ_PROGRAMMING_QUESTION_OPTION_3,0
4,1,MSG_QUIZ_PROGRAMMING_QUESTION_OPTION_4,1
5,2,MSG_QUIZ_PROGRAMMING_QUESTION_OPTION_5,0
6,2,MSG_QUIZ_PROGRAMMING_QUESTION_OPTION_6,1
7,3,MSG_QUIZ_PROGRAMMING_QUESTION_OPTION_7,1
8,3,MSG_QUIZ_PROGRAMMING_QUESTION_OPTION_8,0
9,3,MSG_QUIZ_PROGRAMMING_QUESTION_OPTION_9,0
10,3,MSG_QUIZ_PROGRAMMING_QUESTION_OPTION_10,0
11,4,MSG_QUIZ_PROGRAMMING_QUESTION_OPTION_11,0
12,4,MSG_QUIZ_PROGRAMMING_QUESTION_OPTION_12,1
13,4,MSG_QUIZ_PROGRAMMING_QUESTION_OPTION_13,0
14,4,MSG_QUIZ_PROGRAMMING_QUESTION_OPTION_14,0
15,5,MSG_QUIZ_PROGRAMMING_QUESTION_OPTION_15,0
16,5,MSG_QUIZ_PROGRAMMING_QUESTION_OPTION_16,0
17,5,MSG_QUIZ_PROGRAMMING_QUESTION_OPTION_17,1
18,5,MSG_QUIZ_PROGRAMMING_QUESTION_OPTION_18,0
19,6,MSG_QUIZ_PROGRAMMING_QUESTION_OPTION_19,0
20,6,MSG_QUIZ_PROGRAMMING_QUESTION_OPTION_20,0
21,6,MSG_QUIZ_PROGRAMMING_QUESTION_OPTION_21,0
22,6,MSG_QUIZ_PROGRAMMING_QUESTION_OPTION_22,1
23,6,MSG_QUIZ_PROGRAMMING_QUESTION_OPTION_23,0
24,7,MSG_QUIZ_PROGRAMMING_QUESTION_OPTION_24,1
25,7,MSG_QUIZ_PROGRAMMING_QUESTION_OPTION_25,0
26,7,MSG_QUIZ_PROGRAMMING_QUESTION_OPTION_26,0
27,8,MSG_QUIZ_PROGRAMMING_QUESTION_OPTION_27,0
28,8,MSG_QUIZ_PROGRAMMING_QUESTION_OPTION_28,0
29,8,MSG_QUIZ_PROGRAMMING_QUESTION_OPTION_29,0
30,8,MSG_QUIZ_PROGRAMMING_QUESTION_OPTION_30,1
31,9,MSG_QUIZ_PROGRAMMING_QUESTION_OPTION_31,0
32,9,MSG_QUIZ_PROGRAMMING_QUESTION_OPTION_32,1
33,9,MSG_QUIZ_PROGRAMMING_QUESTION_OPTION_33,0
34,9,MSG_QUIZ_PROGRAMMING_QUESTION_OPTION_34,0
35,9,MSG_QUIZ_PROGRAMMING_QUESTION_OPTION_35,0
36,10,MSG_QUIZ_PROGRAMMING_QUESTION_OPTION_36,0
37,10,MSG_QUIZ_PROGRAMMING_QUESTION_OPTION_37,0
38,10,MSG_QUIZ_PROGRAMMING_QUESTION_OPTION_38,0
39,10,MSG_QUIZ_PROGRAMMING_QUESTION_OPTION_39,0
40,10,MSG_QUIZ_PROGRAMMING_QUESTION_OPTION_40,1
41,11,MSG_QUIZ_PROGRAMMING_QUESTION_OPTION_41,0
42,11,MSG_QUIZ_PROGRAMMING_QUESTION_OPTION_42,1
43,11,MSG_QUIZ_PROGRAMMING_QUESTION_OPTION_43,0
44,11,MSG_QUIZ_PROGRAMMING_QUESTION_OPTION_44,0
45,12,MSG_QUIZ_PROGRAMMING_QUESTION_OPTION_45,0
46,12,MSG_QUIZ_PROGRAMMING_QUESTION_OPTION_46,0
47,12,MSG_QUIZ_PROGRAMMING_QUESTION_OPTION_47,0
48,12,MSG_QUIZ_PROGRAMMING_QUESTION_OPTION_48,1
49,12,MSG_QUIZ_PROGRAMMING_QUESTION_OPTION_49,0
50,13,MSG_QUIZ_PROGRAMMING_QUESTION_OPTION_50,0
51,13,MSG_QUIZ_PROGRAMMING_QUESTION_OPTION_51,0
52,13,MSG_QUIZ_PROGRAMMING_QUESTION_OPTION_52,0
53,13,MSG_QUIZ_PROGRAMMING_QUESTION_OPTION_53,1
54,13,MSG_QUIZ_PROGRAMMING_QUESTION_OPTION_54,0
55,14,MSG_QUIZ_PROGRAMMING_QUESTION_OPTION_55,0
56,14,MSG_QUIZ_PROGRAMMING_QUESTION_OPTION_56,0
57,14,MSG_QUIZ_PROGRAMMING_QUESTION_OPTION_57,1
58,14,MSG_QUIZ_PROGRAMMING_QUESTION_OPTION_58,0
59,15,MSG_QUIZ_PROGRAMMING_QUESTION_OPTION_59,0
60,15,MSG_QUIZ_PROGRAMMING_QUESTION_OPTION_60,0
61,15,MSG_QUIZ_PROGRAMMING_QUESTION_OPTION_61,1
62,15,MSG_QUIZ_PROGRAMMING_QUESTION_OPTION_62,0
63,16,MSG_QUIZ_PROGRAMMING_QUESTION_OPTION_63,1
64,16,MSG_QUIZ_PROGRAMMING_QUESTION_OPTION_64,0
65,16,MSG_QUIZ_PROGRAMMING_QUESTION_OPTION_65,0
66,16,MSG_QUIZ_PROGRAMMING_QUESTION_OPTION_66,0
67,17,MSG_QUIZ_PROGRAMMING_QUESTION_OPTION_67,0
68,17,MSG_QUIZ_PROGRAMMING_QUESTION_OPTION_68,1
69,17,MSG_QUIZ_PROGRAMMING_QUESTION_OPTION_69,0
70,17,MSG_QUIZ_PROGRAMMING_QUESTION_OPTION_70,0
71,18,MSG_QUIZ_PROGRAMMING_QUESTION_OPTION_71,0
72,18,MSG_QUIZ_PROGRAMMING_QUESTION_OPTION_72,0
73,18,MSG_QUIZ_PROGRAMMING_QUESTION_OPTION_73,0
74,18,MSG_QUIZ_PROGRAMMING_QUESTION_OPTION_74,1
75,18,MSG_QUIZ_PROGRAMMING_QUESTION_OPTION_75,0
76,19,MSG_QUIZ_PROGRAMMING_QUESTION_OPTION_76,1
77,19,MSG_QUIZ_PROGRAMMING_QUESTION_OPTION_77,0
78,19,MSG_QUIZ_PROGRAMMING_QUESTION_OPTION_78,0
79,19,MSG_QUIZ_PROGRAMMING_QUESTION_OPTION_79,0
80,20,MSG_QUIZ_PROGRAMMING_QUESTION_OPTION_80,1
81,20,MSG_QUIZ_PROGRAMMING_QUESTION_OPTION_81,0
82,20,MSG_QUIZ_PROGRAMMING_QUESTION_OPTION_82,0
83,20,MSG_QUIZ_PROGRAMMING_QUESTION_OPTION_83,0
84,21,MSG_QUIZ_PROGRAMMING_QUESTION_OPTION_84,0
85,21,MSG_QUIZ_PROGRAMMING_QUESTION_OPTION_85,0
86,21,MSG_QUIZ_PROGRAMMING_QUESTION_OPTION_86,0
87,21,MSG_QUIZ_PROGRAMMING_QUESTION_OPTION_87,0
88,21,MSG_QUIZ_PROGRAMMING_QUESTION_OPTION_88,1
89,22,MSG_QUIZ_PROGRAMMING_QUESTION_OPTION_89,0
90,22,MSG_QUIZ_PROGRAMMING_QUESTION_OPTION_90,1
91,22,MSG_QUIZ_PROGRAMMING_QUESTION_OPTION_91,0
92,22,MSG_QUIZ_PROGRAMMING_QUESTION_OPTION_92,0
93,23,MSG_QUIZ_PROGRAMMING_QUESTION_OPTION_93,0
94,23,MSG_QUIZ_PROGRAMMING_QUESTION_OPTION_94,1
95,23,MSG_QUIZ_PROGRAMMING_QUESTION_OPTION_95,0
96,23,MSG_QUIZ_PROGRAMMING_QUESTION_OPTION_96,0
97,24,MSG_QUIZ_PROGRAMMING_QUESTION_OPTION_97,0
98,24,MSG_QUIZ_PROGRAMMING_QUESTION_OPTION_98,0
99,24,MSG_QUIZ_PROGRAMMING_QUESTION_OPTION_99,1
100,24,MSG_QUIZ_PROGRAMMING_QUESTION_OPTION_100,0
101,25,MSG_QUIZ_PROGRAMMING_QUESTION_OPTION_101,0
102,25,MSG_QUIZ_PROGRAMMING_QUESTION_OPTION_102,0
103,25,MSG_QUIZ_PROGRAMMING_QUESTION_OPTION_103,1
104,25,MSG_QUIZ_PROGRAMMING_QUESTION_OPTION_104,0
105,26,MSG_QUIZ_PROGRAMMING_QUESTION_OPTION_105,0
106,26,MSG_QUIZ_PROGRAMMING_QUESTION_OPTION_106,0
107,26,MSG_QUIZ_PROGRAMMING_QUESTION_OPTION_107,1
108,27,MSG_QUIZ_PROGRAMMING_QUESTION_OPTION_108,0
109,27,MSG_QUIZ_PROGRAMMING_QUESTION_OPTION_109,0
110,27,MSG_QUIZ_PROGRAMMING_QUESTION_OPTION_110,0
111,27,MSG_QUIZ_PROGRAMMING_QUESTION_OPTION_111,1
112,28,MSG_QUIZ_PROGRAMMING_QUESTION_OPTION_112,0
113,28,MSG_QUIZ_PROGRAMMING_QUESTION_OPTION_113,1
114,28,MSG_QUIZ_PROGRAMMING_QUESTION_OPTION_114,0
115,29,MSG_QUIZ_PROGRAMMING_QUESTION_OPTION_115,1
116,29,MSG_QUIZ_PROGRAMMING_QUESTION_OPTION_116,0
117,29,MSG_QUIZ_PROGRAMMING_QUESTION_OPTION_117,0
118,29,MSG_QUIZ_PROGRAMMING_QUESTION_OPTION_118,0
119,29,MSG_QUIZ_PROGRAMMING_QUESTION_OPTION_119,0
120,30,MSG_QUIZ_PROGRAMMING_QUESTION_OPTION_120,0
121,30,MSG_QUIZ_PROGRAMMING_QUESTION_OPTION_121,0
122,30,MSG_QUIZ_PROGRAMMING_QUESTION_OPTION_122,1
123,30,MSG_QUIZ_PROGRAMMING_QUESTION_OPTION_123,0
124,31,MSG_QUIZ_PROGRAMMING_QUESTION_OPTION_124,0
125,31,MSG_QUIZ_PROGRAMMING_QUESTION_OPTION_125,0
126,31,MSG_QUIZ_PROGRAMMING_QUESTION_OPTION_126,0
127,31,MSG_QUIZ_PROGRAMMING_QUESTION_OPTION_127,1
128,32,MSG_QUIZ_PROGRAMMING_QUESTION_OPTION_128,0
129,32,MSG_QUIZ_PROGRAMMING_QUESTION_OPTION_129,1
130,32,MSG_QUIZ_PROGRAMMING_QUESTION_OPTION_130,0
131,32,MSG_QUIZ_PROGRAMMING_QUESTION_OPTION_131,0
132,33,MSG_QUIZ_PROGRAMMING_QUESTION_OPTION_132,1
133,33,MSG_QUIZ_PROGRAMMING_QUESTION_OPTION_133,0
134,33,MSG_QUIZ_PROGRAMMING_QUESTION_OPTION_134,0
135,33,MSG_QUIZ_PROGRAMMING_QUESTION_OPTION_135,0
136,33,MSG_QUIZ_PROGRAMMING_QUESTION_OPTION_136,0
137,34,MSG_QUIZ_PROGRAMMING_QUESTION_OPTION_137,0
138,34,MSG_QUIZ_PROGRAMMING_QUESTION_OPTION_138,1
139,34,MSG_QUIZ_PROGRAMMING_QUESTION_OPTION_139,0
140,34,MSG_QUIZ_PROGRAMMING_QUESTION_OPTION_140,0
141,35,MSG_QUIZ_PROGRAMMING_QUESTION_OPTION_141,1
142,35,MSG_QUIZ_PROGRAMMING_QUESTION_OPTION_142,0
143,35,MSG_QUIZ_PROGRAMMING_QUESTION_OPTION_143,0
144,35,MSG_QUIZ_PROGRAMMING_QUESTION_OPTION_144,0
145,36,MSG_QUIZ_PROGRAMMING_QUESTION_OPTION_145,0
146,36,MSG_QUIZ_PROGRAMMING_QUESTION_OPTION_146,0
147,36,MSG_QUIZ_PROGRAMMING_QUESTION_OPTION_147,1
148,36,MSG_QUIZ_PROGRAMMING_QUESTION_OPTION_148,0
149,37,MSG_QUIZ_PROGRAMMING_QUESTION_OPTION_149,0
150,37,MSG_QUIZ_PROGRAMMING_QUESTION_OPTION_150,0
151,37,MSG_QUIZ_PROGRAMMING_QUESTION_OPTION_151,0
152,37,MSG_QUIZ_PROGRAMMING_QUESTION_OPTION_152,1
153,38,MSG_QUIZ_PROGRAMMING_QUESTION_OPTION_153,1
154,38,MSG_QUIZ_PROGRAMMING_QUESTION_OPTION_154,0
155,39,MSG_QUIZ_PROGRAMMING_QUESTION_OPTION_155,0
156,39,MSG_QUIZ_PROGRAMMING_QUESTION_OPTION_156,0
157,39,MSG_QUIZ_PROGRAMMING_QUESTION_OPTION_157,1
158,39,MSG_QUIZ_PROGRAMMING_QUESTION_OPTION_158,0
159,39,MSG_QUIZ_PROGRAMMING_QUESTION_OPTION_159,0
160,40,MSG_QUIZ_PROGRAMMING_QUESTION_OPTION_160,0
161,40,MSG_QUIZ_PROGRAMMING_QUESTION_OPTION_161,0
162,40,MSG_QUIZ_PROGRAMMING_QUESTION_OPTION_162,0
163,40,MSG_QUIZ_PROGRAMMING_QUESTION_OPTION_163,1
164,41,MSG_QUIZ_PROGRAMMING_QUESTION_OPTION_164,0
165,41,MSG_QUIZ_PROGRAMMING_QUESTION_OPTION_165,0
166,41,MSG_QUIZ_PROGRAMMING_QUESTION_OPTION_166,1
167,41,MSG_QUIZ_PROGRAMMING_QUESTION_OPTION_167,0
168,42,MSG_QUIZ_PROGRAMMING_QUESTION_OPTION_168,0
169,42,MSG_QUIZ_PROGRAMMING_QUESTION_OPTION_169,0
170,42,MSG_QUIZ_PROGRAMMING_QUESTION_OPTION_170,0
171,42,MSG_QUIZ_PROGRAMMING_QUESTION_OPTION_171,0
172,42,MSG_QUIZ_PROGRAMMING_QUESTION_OPTION_172,1
173,43,MSG_QUIZ_PROGRAMMING_QUESTION_OPTION_173,1
174,43,MSG_QUIZ_PROGRAMMING_QUESTION_OPTION_174,0
175,43,MSG_QUIZ_PROGRAMMING_QUESTION_OPTION_175,0
176,44,MSG_QUIZ_PROGRAMMING_QUESTION_OPTION_176,0
177,44,MSG_QUIZ_PROGRAMMING_QUESTION_OPTION_177,0
178,44,MSG_QUIZ_PROGRAMMING_QUESTION_OPTION_178,1
179,44,MSG_QUIZ_PROGRAMMING_QUESTION_OPTION_179,0
180,45,MSG_QUIZ_PROGRAMMING_QUESTION_OPTION_180,0
181,45,MSG_QUIZ_PROGRAMMING_QUESTION_OPTION_181,1
182,45,MSG_QUIZ_PROGRAMMING_QUESTION_OPTION_182,0
183,46,MSG_QUIZ_PROGRAMMING_QUESTION_OPTION_183,0
184,46,MSG_QUIZ_PROGRAMMING_QUESTION_OPTION_184,0
185,46,MSG_QUIZ_PROGRAMMING_QUESTION_OPTION_185,1
186,46,MSG_QUIZ_PROGRAMMING_QUESTION_OPTION_186,0
187,47,MSG_QUIZ_PROGRAMMING_QUESTION_OPTION_187,0
188,47,MSG_QUIZ_PROGRAMMING_QUESTION_OPTION_188,0
189,47,MSG_QUIZ_PROGRAMMING_QUESTION_OPTION_189,0
190,47,MSG_QUIZ_PROGRAMMING_QUESTION_OPTION_190,1
191,48,MSG_QUIZ_PROGRAMMING_QUESTION_OPTION_191,1
192,48,MSG_QUIZ_PROGRAMMING_QUESTION_OPTION_192,0
193,48,MSG_QUIZ_PROGRAMMING_QUESTION_OPTION_193,0
194,48,MSG_QUIZ_PROGRAMMING_QUESTION_OPTION_194,0
195,48,MSG_QUIZ_PROGRAMMING_QUESTION_OPTION_195,0
196,49,MSG_QUIZ_PROGRAMMING_QUESTION_OPTION_196,0
197,49,MSG_QUIZ_PROGRAMMING_QUESTION_OPTION_197,0
198,49,MSG_QUIZ_PROGRAMMING_QUESTION_OPTION_198,1
199,50,MSG_QUIZ_PROGRAMMING_QUESTION_OPTION_199,0
200,50,MSG_QUIZ_PROGRAMMING_QUESTION_OPTION_200,0
201,50,MSG_QUIZ_PROGRAMMING_QUESTION_OPTION_201,0
202,50,MSG_QUIZ_PROGRAMMING_QUESTION_OPTION_202,0
203,50,MSG_QUIZ_PROGRAMMING_QUESTION_OPTION_203,1
204,51,MSG_QUIZ_PROGRAMMING_QUESTION_OPTION_204,1
205,51,MSG_QUIZ_PROGRAMMING_QUESTION_OPTION_205,0
206,51,MSG_QUIZ_PROGRAMMING_QUESTION_OPTION_206,0
207,51,MSG_QUIZ_PROGRAMMING_QUESTION_OPTION_207,0
208,52,MSG_QUIZ_PROGRAMMING_QUESTION_OPTION_208,0
209,52,MSG_QUIZ_PROGRAMMING_QUESTION_OPTION_209,0
210,52,MSG_QUIZ_PROGRAMMING_QUESTION_OPTION_210,1
211,52,MSG_QUIZ_PROGRAMMING_QUESTION_OPTION_211,0
212,53,MSG_QUIZ_PROGRAMMING_QUESTION_OPTION_212,0
213,53,MSG_QUIZ_PROGRAMMING_QUESTION_OPTION_213,1
214,53,MSG_QUIZ_PROGRAMMING_QUESTION_OPTION_214,0
215,53,MSG_QUIZ_PROGRAMMING_QUESTION_OPTION_215,0
216,54,MSG_QUIZ_PROGRAMMING_QUESTION_OPTION_216,0
217,54,MSG_QUIZ_PROGRAMMING_QUESTION_OPTION_217,0
218,54,MSG_QUIZ_PROGRAMMING_QUESTION_OPTION_218,0
219,54,MSG_QUIZ_PROGRAMMING_QUESTION_OPTION_219,1
220,55,MSG_QUIZ_PROGRAMMING_QUESTION_OPTION_220,0
221,55,MSG_QUIZ_PROGRAMMING_QUESTION_OPTION_221,1
222,56,MSG_QUIZ_PROGRAMMING_QUESTION_OPTION_222,0
223,56,MSG_QUIZ_PROGRAMMING_QUESTION_OPTION_223,1
224,56,MSG_QUIZ_PROGRAMMING_QUESTION_OPTION_224,0
225,57,MSG_QUIZ_PROGRAMMING_QUESTION_OPTION_225,0
226,57,MSG_QUIZ_PROGRAMMING_QUESTION_OPTION_226,1
227,57,MSG_QUIZ_PROGRAMMING_QUESTION_OPTION_227,0
228,57,MSG_QUIZ_PROGRAMMING_QUESTION_OPTION_228,0
229,58,MSG_QUIZ_PROGRAMMING_QUESTION_OPTION_229,0
230,58,MSG_QUIZ_PROGRAMMING_QUESTION_OPTION_230,0
231,58,MSG_QUIZ_PROGRAMMING_QUESTION_OPTION_231,1
232,58,MSG_QUIZ_PROGRAMMING_QUESTION_OPTION_232,0
233,59,MSG_QUIZ_PROGRAMMING_QUESTION_OPTION_233,0
234,59,MSG_QUIZ_PROGRAMMING_QUESTION_OPTION_234,0
235,59,MSG_QUIZ_PROGRAMMING_QUESTION_OPTION_235,0
236,59,MSG_QUIZ_PROGRAMMING_QUESTION_OPTION_236,1
237,60,MSG_QUIZ_PROGRAMMING_QUESTION_OPTION_237,0
238,60,MSG_QUIZ_PROGRAMMING_QUESTION_OPTION_238,0
239,60,MSG_QUIZ_PROGRAMMING_QUESTION_OPTION_239,1
240,60,MSG_QUIZ_PROGRAMMING_QUESTION_OPTION_240,0
241,61,MSG_QUIZ_PROGRAMMING_QUESTION_OPTION_241,1
242,61,MSG_QUIZ_PROGRAMMING_QUESTION_OPTION_242,0
243,61,MSG_QUIZ_PROGRAMMING_QUESTION_OPTION_243,0
244,61,MSG_QUIZ_PROGRAMMING_QUESTION_OPTION_244,0
245,62,MSG_QUIZ_PROGRAMMING_QUESTION_OPTION_245,0
246,62,MSG_QUIZ_PROGRAMMING_QUESTION_OPTION_246,1
247,63,MSG_QUIZ_PROGRAMMING_QUESTION_OPTION_247,0
248,63,MSG_QUIZ_PROGRAMMING_QUESTION_OPTION_248,0
249,63,MSG_QUIZ_PROGRAMMING_QUESTION_OPTION_249,1
250,63,MSG_QUIZ_PROGRAMMING_QUESTION_OPTION_250,0
251,64,MSG_QUIZ_PROGRAMMING_QUESTION_OPTION_251,1
252,64,MSG_QUIZ_PROGRAMMING_QUESTION_OPTION_252,0
253,64,MSG_QUIZ_PROGRAMMING_QUESTION_OPTION_253,0
254,65,MSG_QUIZ_PROGRAMMING_QUESTION_OPTION_254,1
255,65,MSG_QUIZ_PROGRAMMING_QUESTION_OPTION_255,0
256,65,MSG_QUIZ_PROGRAMMING_QUESTION_OPTION_256,0
257,66,MSG_QUIZ_PROGRAMMING_QUESTION_OPTION_257,0
258,66,MSG_QUIZ_PROGRAMMING_QUESTION_OPTION_258,1
259,66,MSG_QUIZ_PROGRAMMING_QUESTION_OPTION_259,0
260,66,MSG_QUIZ_PROGRAMMING_QUESTION_OPTION_260,0
261,67,MSG_QUIZ_PROGRAMMING_QUESTION_OPTION_261,1
262,67,MSG_QUIZ_PROGRAMMING_QUESTION_OPTION_262,0
263,67,MSG_QUIZ_PROGRAMMING_QUESTION_OPTION_263,0
264,68,MSG_QUIZ_PROGRAMMING_QUESTION_OPTION_264,1
265,68,MSG_QUIZ_PROGRAMMING_QUESTION_OPTION_265,0
266,69,MSG_QUIZ_PROGRAMMING_QUESTION_OPTION_266,0
267,69,MSG_QUIZ_PROGRAMMING_QUESTION_OPTION_267,1
268,69,MSG_QUIZ_PROGRAMMING_QUESTION_OPTION_268,0
269,69,MSG_QUIZ_PROGRAMMING_QUESTION_OPTION_269,0
270,70,MSG_QUIZ_PROGRAMMING_QUESTION_OPTION_270,0
271,70,MSG_QUIZ_PROGRAMMING_QUESTION_OPTION_271,1
272,70,MSG_QUIZ_PROGRAMMING_QUESTION_OPTION_272,0
273,70,MSG_QUIZ_PROGRAMMING_QUESTION_OPTION_273,0
274,70,MSG_QUIZ_PROGRAMMING_QUESTION_OPTION_274,0
275,71,MSG_QUIZ_PROGRAMMING_QUESTION_OPTION_275,0
276,71,MSG_QUIZ_PROGRAMMING_QUESTION_OPTION_276,0
277,71,MSG_QUIZ_PROGRAMMING_QUESTION_OPTION_277,1
278,71,MSG_QUIZ_PROGRAMMING_QUESTION_OPTION_278,0
279,71,MSG_QUIZ_PROGRAMMING_QUESTION_OPTION_279,0
280,72,MSG_QUIZ_PROGRAMMING_QUESTION_OPTION_280,0
281,72,MSG_QUIZ_PROGRAMMING_QUESTION_OPTION_281,1
282,72,MSG_QUIZ_PROGRAMMING_QUESTION_OPTION_282,0
283,73,MSG_QUIZ_PROGRAMMING_QUESTION_OPTION_283,1
284,73,MSG_QUIZ_PROGRAMMING_QUESTION_OPTION_284,0
285,73,MSG_QUIZ_PROGRAMMING_QUESTION_OPTION_285,0
286,74,MSG_QUIZ_PROGRAMMING_QUESTION_OPTION_286,0
287,74,MSG_QUIZ_PROGRAMMING_QUESTION_OPTION_287,0
288,74,MSG_QUIZ_PROGRAMMING_QUESTION_OPTION_288,1
289,74,MSG_QUIZ_PROGRAMMING_QUESTION_OPTION_289,0
290,74,MSG_QUIZ_PROGRAMMING_QUESTION_OPTION_290,0
291,75,MSG_QUIZ_PROGRAMMING_QUESTION_OPTION_291,0
292,75,MSG_QUIZ_PROGRAMMING_QUESTION_OPTION_292,0
293,75,MSG_QUIZ_PROGRAMMING_QUESTION_OPTION_293,0
294,75,MSG_QUIZ_PROGRAMMING_QUESTION_OPTION_294,1
295,76,MSG_QUIZ_PROGRAMMING_QUESTION_OPTION_295,1
296,76,MSG_QUIZ_PROGRAMMING_QUESTION_OPTION_296,0
297,76,MSG_QUIZ_PROGRAMMING_QUESTION_OPTION_297,0
298,76,MSG_QUIZ_PROGRAMMING_QUESTION_OPTION_298,0
299,76,MSG_QUIZ_PROGRAMMING_QUESTION_OPTION_299,0
300,77,MSG_QUIZ_PROGRAMMING_QUESTION_OPTION_300,0
301,77,MSG_QUIZ_PROGRAMMING_QUESTION_OPTION_301,1
302,77,MSG_QUIZ_PROGRAMMING_QUESTION_OPTION_302,0
303,78,MSG_QUIZ_PROGRAMMING_QUESTION_OPTION_303,0
304,78,MSG_QUIZ_PROGRAMMING_QUESTION_OPTION_304,0
305,78,MSG_QUIZ_PROGRAMMING_QUESTION_OPTION_305,0
306,78,MSG_QUIZ_PROGRAMMING_QUESTION_OPTION_306,1
307,79,MSG_QUIZ_PROGRAMMING_QUESTION_OPTION_307,1
308,79,MSG_QUIZ_PROGRAMMING_QUESTION_OPTION_308,0
309,79,MSG_QUIZ_PROGRAMMING_QUESTION_OPTION_309,0
310,79,MSG_QUIZ_PROGRAMMING_QUESTION_OPTION_310,0
311,80,MSG_QUIZ_PROGRAMMING_QUESTION_OPTION_311,0
312,80,MSG_QUIZ_PROGRAMMING_QUESTION_OPTION_312,1
313,80,MSG_QUIZ_PROGRAMMING_QUESTION_OPTION_313,0
314,80,MSG_QUIZ_PROGRAMMING_QUESTION_OPTION_314,0
315,81,MSG_QUIZ_PROGRAMMING_QUESTION_OPTION_315,1
316,81,MSG_QUIZ_PROGRAMMING_QUESTION_OPTION_316,0
317,81,MSG_QUIZ_PROGRAMMING_QUESTION_OPTION_317,0
318,81,MSG_QUIZ_PROGRAMMING_QUESTION_OPTION_318,0
319,82,MSG_QUIZ_PROGRAMMING_QUESTION_OPTION_319,0
320,82,MSG_QUIZ_PROGRAMMING_QUESTION_OPTION_320,0
321,82,MSG_QUIZ_PROGRAMMING_QUESTION_OPTION_321,0
322,82,MSG_QUIZ_PROGRAMMING_QUESTION_OPTION_322,0
323,82,MSG_QUIZ_PROGRAMMING_QUESTION_OPTION_323,1
324,83,MSG_QUIZ_PROGRAMMING_QUESTION_OPTION_324,0
325,83,MSG_QUIZ_PROGRAMMING_QUESTION_OPTION_325,1
326,83,MSG_QUIZ_PROGRAMMING_QUESTION_OPTION_326,0
327,84,MSG_QUIZ_PROGRAMMING_QUESTION_OPTION_327,0
328,84,MSG_QUIZ_PROGRAMMING_QUESTION_OPTION_328,0
329,84,MSG_QUIZ_PROGRAMMING_QUESTION_OPTION_329,1
330,84,MSG_QUIZ_PROGRAMMING_QUESTION_OPTION_330,0
331,85,MSG_QUIZ_PROGRAMMING_QUESTION_OPTION_331,0
332,85,MSG_QUIZ_PROGRAMMING_QUESTION_OPTION_332,1
333,85,MSG_QUIZ_PROGRAMMING_QUESTION_OPTION_333,0
334,85,MSG_QUIZ_PROGRAMMING_QUESTION_OPTION_334,0
335,86,MSG_QUIZ_PROGRAMMING_QUESTION_OPTION_335,1
336,86,MSG_QUIZ_PROGRAMMING_QUESTION_OPTION_336,0
337,86,MSG_QUIZ_PROGRAMMING_QUESTION_OPTION_337,0
338,86,MSG_QUIZ_PROGRAMMING_QUESTION_OPTION_338,0
339,87,MSG_QUIZ_PROGRAMMING_QUESTION_OPTION_339,0
340,87,MSG_QUIZ_PROGRAMMING_QUESTION_OPTION_340,1
341,87,MSG_QUIZ_PROGRAMMING_QUESTION_OPTION_341,0
342,87,MSG_QUIZ_PROGRAMMING_QUESTION_OPTION_342,0
343,88,MSG_QUIZ_PROGRAMMING_QUESTION_OPTION_343,1
344,88,MSG_QUIZ_PROGRAMMING_QUESTION_OPTION_344,0
345,88,MSG_QUIZ_PROGRAMMING_QUESTION_OPTION_345,0
346,88,MSG_QUIZ_PROGRAMMING_QUESTION_OPTION_346,0
347,88,MSG_QUIZ_PROGRAMMING_QUESTION_OPTION_347,0
348,89,MSG_QUIZ_PROGRAMMING_QUESTION_OPTION_348,1
349,89,MSG_QUIZ_PROGRAMMING_QUESTION_OPTION_349,0
350,89,MSG_QUIZ_PROGRAMMING_QUESTION_OPTION_350,0
351,89,MSG_QUIZ_PROGRAMMING_QUESTION_OPTION_351,0
352,89,MSG_QUIZ_PROGRAMMING_QUESTION_OPTION_352,0
353,90,MSG_QUIZ_PROGRAMMING_QUESTION_OPTION_353,0
354,90,MSG_QUIZ_PROGRAMMING_QUESTION_OPTION_354,1
355,90,MSG_QUIZ_PROGRAMMING_QUESTION_OPTION_355,0
356,90,MSG_QUIZ_PROGRAMMING_QUESTION_OPTION_356,0
357,91,MSG_QUIZ_PROGRAMMING_QUESTION_OPTION_357,0
358,91,MSG_QUIZ_PROGRAMMING_QUESTION_OPTION_358,0
359,91,MSG_QUIZ_PROGRAMMING_QUESTION_OPTION_359,1
360,91,MSG_QUIZ_PROGRAMMING_QUESTION_OPTION_360,0
361,91,MSG_QUIZ_PROGRAMMING_QUESTION_OPTION_361,0
362,92,MSG_QUIZ_PROGRAMMING_QUESTION_OPTION_362,0
363,92,MSG_QUIZ_PROGRAMMING_QUESTION_OPTION_363,0
364,92,MSG_QUIZ_PROGRAMMING_QUESTION_OPTION_364,0
365,92,MSG_QUIZ_PROGRAMMING_QUESTION_OPTION_365,1
366,92,MSG_QUIZ_PROGRAMMING_QUESTION_OPTION_366,0
367,93,MSG_QUIZ_PROGRAMMING_QUESTION_OPTION_367,0
368,93,MSG_QUIZ_PROGRAMMING_QUESTION_OPTION_368,0
369,93,MSG_QUIZ_PROGRAMMING_QUESTION_OPTION_369,0
370,93,MSG_QUIZ_PROGRAMMING_QUESTION_OPTION_370,1
371,94,MSG_QUIZ_PROGRAMMING_QUESTION_OPTION_371,0
372,94,MSG_QUIZ_PROGRAMMING_QUESTION_OPTION_372,0
373,94,MSG_QUIZ_PROGRAMMING_QUESTION_OPTION_373,1
374,94,MSG_QUIZ_PROGRAMMING_QUESTION_OPTION_374,0
375,95,MSG_QUIZ_PROGRAMMING_QUESTION_OPTION_375,0
376,95,MSG_QUIZ_PROGRAMMING_QUESTION_OPTION_376,1
377,95,MSG_QUIZ_PROGRAMMING_QUESTION_OPTION_377,0
378,95,MSG_QUIZ_PROGRAMMING_QUESTION_OPTION_378,0
379,96,MSG_QUIZ_PROGRAMMING_QUESTION_OPTION_379,0
380,96,MSG_QUIZ_PROGRAMMING_QUESTION_OPTION_380,0
381,96,MSG_QUIZ_PROGRAMMING_QUESTION_OPTION_381,0
382,96,MSG_QUIZ_PROGRAMMING_QUESTION_OPTION_382,1
383,96,MSG_QUIZ_PROGRAMMING_QUESTION_OPTION_383,0
384,97,MSG_QUIZ_PROGRAMMING_QUESTION_OPTION_384,0
385,97,MSG_QUIZ_PROGRAMMING_QUESTION_OPTION_385,0
386,97,MSG_QUIZ_PROGRAMMING_QUESTION_OPTION_386,0
387,97,MSG_QUIZ_PROGRAMMING_QUESTION_OPTION_387,1
388,98,MSG_QUIZ_PROGRAMMING_QUESTION_OPTION_388,0
389,98,MSG_QUIZ_PROGRAMMING_QUESTION_OPTION_389,0
390,98,MSG_QUIZ_PROGRAMMING_QUESTION_OPTION_390,1
391,98,MSG_QUIZ_PROGRAMMING_QUESTION_OPTION_391,0
392,99,MSG_QUIZ_PROGRAMMING_QUESTION_OPTION_392,0
393,99,MSG_QUIZ_PROGRAMMING_QUESTION_OPTION_393,1
394,99,MSG_QUIZ_PROGRAMMING_QUESTION_OPTION_394,0
395,99,MSG_QUIZ_PROGRAMMING_QUESTION_OPTION_395,0
396,99,MSG_QUIZ_PROGRAMMING_QUESTION_OPTION_396,0
397,100,MSG_QUIZ_PROGRAMMING_QUESTION_OPTION_397,0
398,100,MSG_QUIZ_PROGRAMMING_QUESTION_OPTION_398,0
399,100,MSG_QUIZ_PROGRAMMING_QUESTION_OPTION_399,1
400,100,MSG_QUIZ_PROGRAMMING_QUESTION_OPTION_400,0
401,101,MSG_QUIZ_PROGRAMMING_QUESTION_OPTION_401,1
402,101,MSG_QUIZ_PROGRAMMING_QUESTION_OPTION_402,0
403,101,MSG_QUIZ_PROGRAMMING_QUESTION_OPTION_403,0
404,101,MSG_QUIZ_PROGRAMMING_QUESTION_OPTION_404,0
405,102,MSG_QUIZ_PROGRAMMING_QUESTION_OPTION_405,1
406,102,MSG_QUIZ_PROGRAMMING_QUESTION_OPTION_406,0
407,102,MSG_QUIZ_PROGRAMMING_QUESTION_OPTION_407,0
408,102,MSG_QUIZ_PROGRAMMING_QUESTION_OPTION_408,0
409,103,MSG_QUIZ_PROGRAMMING_QUESTION_OPTION_409,0
410,103,MSG_QUIZ_PROGRAMMING_QUESTION_OPTION_410,0
411,103,MSG_QUIZ_PROGRAMMING_QUESTION_OPTION_411,1
412,103,MSG_QUIZ_PROGRAMMING_QUESTION_OPTION_412,0
413,104,MSG_QUIZ_PROGRAMMING_QUESTION_OPTION_413,0
414,104,MSG_QUIZ_PROGRAMMING_QUESTION_OPTION_414,0
415,104,MSG_QUIZ_PROGRAMMING_QUESTION_OPTION_415,0
416,104,MSG_QUIZ_PROGRAMMING_QUESTION_OPTION_416,1
417,104,MSG_QUIZ_PROGRAMMING_QUESTION_OPTION_417,0
418,105,MSG_QUIZ_PROGRAMMING_QUESTION_OPTION_418,0
419,105,MSG_QUIZ_PROGRAMMING_QUESTION_OPTION_419,0
420,105,MSG_QUIZ_PROGRAMMING_QUESTION_OPTION_420,1
421,105,MSG_QUIZ_PROGRAMMING_QUESTION_OPTION_421,0
422,105,MSG_QUIZ_PROGRAMMING_QUESTION_OPTION_422,0
423,106,MSG_QUIZ_PROGRAMMING_QUESTION_OPTION_423,0
424,106,MSG_QUIZ_PROGRAMMING_QUESTION_OPTION_424,0
425,106,MSG_QUIZ_PROGRAMMING_QUESTION_OPTION_425,1
426,106,MSG_QUIZ_PROGRAMMING_QUESTION_OPTION_426,0
427,107,MSG_QUIZ_PROGRAMMING_QUESTION_OPTION_427,0
428,107,MSG_QUIZ_PROGRAMMING_QUESTION_OPTION_428,0
429,107,MSG_QUIZ_PROGRAMMING_QUESTION_OPTION_429,1
430,107,MSG_QUIZ_PROGRAMMING_QUESTION_OPTION_430,0
431,108,MSG_QUIZ_PROGRAMMING_QUESTION_OPTION_431,0
432,108,MSG_QUIZ_PROGRAMMING_QUESTION_OPTION_432,1
433,108,MSG_QUIZ_PROGRAMMING_QUESTION_OPTION_433,0
434,109,MSG_QUIZ_PROGRAMMING_QUESTION_OPTION_434,0
435,109,MSG_QUIZ_PROGRAMMING_QUESTION_OPTION_435,1
436,109,MSG_QUIZ_PROGRAMMING_QUESTION_OPTION_436,0
437,110,MSG_QUIZ_PROGRAMMING_QUESTION_OPTION_437,0
438,110,MSG_QUIZ_PROGRAMMING_QUESTION_OPTION_438,0
439,110,MSG_QUIZ_PROGRAMMING_QUESTION_OPTION_439,1
440,110,MSG_QUIZ_PROGRAMMING_QUESTION_OPTION_440,0
441,110,MSG_QUIZ_PROGRAMMING_QUESTION_OPTION_441,0
442,111,MSG_QUIZ_PROGRAMMING_QUESTION_OPTION_442,1
443,111,MSG_QUIZ_PROGRAMMING_QUESTION_OPTION_443,0
444,111,MSG_QUIZ_PROGRAMMING_QUESTION_OPTION_444,0
445,112,MSG_QUIZ_PROGRAMMING_QUESTION_OPTION_445,0
446,112,MSG_QUIZ_PROGRAMMING_QUESTION_OPTION_446,0
447,112,MSG_QUIZ_PROGRAMMING_QUESTION_OPTION_447,0
448,112,MSG_QUIZ_PROGRAMMING_QUESTION_OPTION_448,1
449,112,MSG_QUIZ_PROGRAMMING_QUESTION_OPTION_449,0
450,113,MSG_QUIZ_PROGRAMMING_QUESTION_OPTION_450,0
451,113,MSG_QUIZ_PROGRAMMING_QUESTION_OPTION_451,0
452,113,MSG_QUIZ_PROGRAMMING_QUESTION_OPTION_452,0
453,113,MSG_QUIZ_PROGRAMMING_QUESTION_OPTION_453,1
454,114,MSG_QUIZ_PROGRAMMING_QUESTION_OPTION_454,0
455,114,MSG_QUIZ_PROGRAMMING_QUESTION_OPTION_455,0
456,114,MSG_QUIZ_PROGRAMMING_QUESTION_OPTION_456,0
457,114,MSG_QUIZ_PROGRAMMING_QUESTION_OPTION_457,1
458,115,MSG_QUIZ_PROGRAMMING_QUESTION_OPTION_458,0
459,115,MSG_QUIZ_PROGRAMMING_QUESTION_OPTION_459,0
460,115,MSG_QUIZ_PROGRAMMING_QUESTION_OPTION_460,1
461,116,MSG_QUIZ_PROGRAMMING_QUESTION_OPTION_461,0
462,116,MSG_QUIZ_PROGRAMMING_QUESTION_OPTION_462,0
463,116,MSG_QUIZ_PROGRAMMING_QUESTION_OPTION_463,1
464,116,MSG_QUIZ_PROGRAMMING_QUESTION_OPTION_464,0
465,116,MSG_QUIZ_PROGRAMMING_QUESTION_OPTION_465,0
466,117,MSG_QUIZ_PROGRAMMING_QUESTION_OPTION_466,0
467,117,MSG_QUIZ_PROGRAMMING_QUESTION_OPTION_467,1
468,117,MSG_QUIZ_PROGRAMMING_QUESTION_OPTION_468,0
469,117,MSG_QUIZ_PROGRAMMING_QUESTION_OPTION_469,0
470,118,MSG_QUIZ_PROGRAMMING_QUESTION_OPTION_470,1
471,118,MSG_QUIZ_PROGRAMMING_QUESTION_OPTION_471,0
472,118,MSG_QUIZ_PROGRAMMING_QUESTION_OPTION_472,0
473,118,MSG_QUIZ_PROGRAMMING_QUESTION_OPTION_473,0
474,119,MSG_QUIZ_PROGRAMMING_QUESTION_OPTION_474,0
475,119,MSG_QUIZ_PROGRAMMING_QUESTION_OPTION_475,1
476,119,MSG_QUIZ_PROGRAMMING_QUESTION_OPTION_476,0
477,120,MSG_QUIZ_PROGRAMMING_QUESTION_OPTION_477,1
478,120,MSG_QUIZ_PROGRAMMING_QUESTION_OPTION_478,0
479,121,MSG_QUIZ_PROGRAMMING_QUESTION_OPTION_479,1
480,121,MSG_QUIZ_PROGRAMMING_QUESTION_OPTION_480,0
481,121,MSG_QUIZ_PROGRAMMING_QUESTION_OPTION_481,0
482,121,MSG_QUIZ_PROGRAMMING_QUESTION_OPTION_482,0
483,122,MSG_QUIZ_PROGRAMMING_QUESTION_OPTION_483,1
484,122,MSG_QUIZ_PROGRAMMING_QUESTION_OPTION_484,0
485,122,MSG_QUIZ_PROGRAMMING_QUESTION_OPTION_485,0
486,122,MSG_QUIZ_PROGRAMMING_QUESTION_OPTION_486,0
487,122,MSG_QUIZ_PROGRAMMING_QUESTION_OPTION_487,0
488,123,MSG_QUIZ_PROGRAMMING_QUESTION_OPTION_488,1
489,123,MSG_QUIZ_PROGRAMMING_QUESTION_OPTION_489,0
490,123,MSG_QUIZ_PROGRAMMING_QUESTION_OPTION_490,0
491,123,MSG_QUIZ_PROGRAMMING_QUESTION_OPTION_491,0
492,124,MSG_QUIZ_PROGRAMMING_QUESTION_OPTION_492,0
493,124,MSG_QUIZ_PROGRAMMING_QUESTION_OPTION_493,0
494,124,MSG_QUIZ_PROGRAMMING_QUESTION_OPTION_494,0
495,124,MSG_QUIZ_PROGRAMMING_QUESTION_OPTION_495,1
496,124,MSG_QUIZ_PROGRAMMING_QUESTION_OPTION_496,0
497,125,MSG_QUIZ_PROGRAMMING_QUESTION_OPTION_497,0
498,125,MSG_QUIZ_PROGRAMMING_QUESTION_OPTION_498,0
499,125,MSG_QUIZ_PROGRAMMING_QUESTION_OPTION_499,0
500,125,MSG_QUIZ_PROGRAMMING_QUESTION_OPTION_500,0
501,125,MSG_QUIZ_PROGRAMMING_QUESTION_OPTION_501,1
502,126,MSG_QUIZ_PROGRAMMING_QUESTION_OPTION_502,1
503,126,MSG_QUIZ_PROGRAMMING_QUESTION_OPTION_503,0
504,126,MSG_QUIZ_PROGRAMMING_QUESTION_OPTION_504,0
505,126,MSG_QUIZ_PROGRAMMING_QUESTION_OPTION_505,0
506,127,MSG_QUIZ_PROGRAMMING_QUESTION_OPTION_506,0
507,127,MSG_QUIZ_PROGRAMMING_QUESTION_OPTION_507,0
508,127,MSG_QUIZ_PROGRAMMING_QUESTION_OPTION_508,1
509,127,MSG_QUIZ_PROGRAMMING_QUESTION_OPTION_509,0
510,127,MSG_QUIZ_PROGRAMMING_QUESTION_OPTION_510,0
511,128,MSG_QUIZ_PROGRAMMING_QUESTION_OPTION_511,0
512,128,MSG_QUIZ_PROGRAMMING_QUESTION_OPTION_512,0
513,128,MSG_QUIZ_PROGRAMMING_QUESTION_OPTION_513,1
514,129,MSG_QUIZ_PROGRAMMING_QUESTION_OPTION_514,0
515,129,MSG_QUIZ_PROGRAMMING_QUESTION_OPTION_515,1
516,129,MSG_QUIZ_PROGRAMMING_QUESTION_OPTION_516,0
517,129,MSG_QUIZ_PROGRAMMING_QUESTION_OPTION_517,0
518,129,MSG_QUIZ_PROGRAMMING_QUESTION_OPTION_518,0
519,130,MSG_QUIZ_PROGRAMMING_QUESTION_OPTION_519,1
520,130,MSG_QUIZ_PROGRAMMING_QUESTION_OPTION_520,0
521,130,MSG_QUIZ_PROGRAMMING_QUESTION_OPTION_521,0
522,130,MSG_QUIZ_PROGRAMMING_QUESTION_OPTION_522,0
523,131,MSG_QUIZ_PROGRAMMING_QUESTION_OPTION_523,0
524,131,MSG_QUIZ_PROGRAMMING_QUESTION_OPTION_524,1
525,131,MSG_QUIZ_PROGRAMMING_QUESTION_OPTION_525,0
526,131,MSG_QUIZ_PROGRAMMING_QUESTION_OPTION_526,0
527,132,MSG_QUIZ_PROGRAMMING_QUESTION_OPTION_527,0
528,132,MSG_QUIZ_PROGRAMMING_QUESTION_OPTION_528,0
529,132,MSG_QUIZ_PROGRAMMING_QUESTION_OPTION_529,1
530,133,MSG_QUIZ_PROGRAMMING_QUESTION_OPTION_530,0
531,133,MSG_QUIZ_PROGRAMMING_QUESTION_OPTION_531,0
532,133,MSG_QUIZ_PROGRAMMING_QUESTION_OPTION_532,1
533,133,MSG_QUIZ_PROGRAMMING_QUESTION_OPTION_533,0
534,134,MSG_QUIZ_PROGRAMMING_QUESTION_OPTION_534,1
535,134,MSG_QUIZ_PROGRAMMING_QUESTION_OPTION_535,0
536,134,MSG_QUIZ_PROGRAMMING_QUESTION_OPTION_536,0
537,135,MSG_QUIZ_PROGRAMMING_QUESTION_OPTION_537,0
538,135,MSG_QUIZ_PROGRAMMING_QUESTION_OPTION_538,0
539,135,MSG_QUIZ_PROGRAMMING_QUESTION_OPTION_539,1
540,135,MSG_QUIZ_PROGRAMMING_QUESTION_OPTION_540,0
541,135,MSG_QUIZ_PROGRAMMING_QUESTION_OPTION_541,0
542,136,MSG_QUIZ_PROGRAMMING_QUESTION_OPTION_542,0
543,136,MSG_QUIZ_PROGRAMMING_QUESTION_OPTION_543,1
544,136,MSG_QUIZ_PROGRAMMING_QUESTION_OPTION_544,0
545,136,MSG_QUIZ_PROGRAMMING_QUESTION_OPTION_545,0
546,136,MSG_QUIZ_PROGRAMMING_QUESTION_OPTION_546,0
547,137,MSG_QUIZ_PROGRAMMING_QUESTION_OPTION_547,0
548,137,MSG_QUIZ_PROGRAMMING_QUESTION_OPTION_548,0
549,137,MSG_QUIZ_PROGRAMMING_QUESTION_OPTION_549,0
550,137,MSG_QUIZ_PROGRAMMING_QUESTION_OPTION_550,1
551,137,MSG_QUIZ_PROGRAMMING_QUESTION_OPTION_551,0
552,138,MSG_QUIZ_PROGRAMMING_QUESTION_OPTION_552,1
553,138,MSG_QUIZ_PROGRAMMING_QUESTION_OPTION_553,0
554,138,MSG_QUIZ_PROGRAMMING_QUESTION_OPTION_554,0
555,138,MSG_QUIZ_PROGRAMMING_QUESTION_OPTION_555,0
556,139,MSG_QUIZ_PROGRAMMING_QUESTION_OPTION_556,1
557,139,MSG_QUIZ_PROGRAMMING_QUESTION_OPTION_557,0
558,139,MSG_QUIZ_PROGRAMMING_QUESTION_OPTION_558,0
559,140,MSG_QUIZ_PROGRAMMING_QUESTION_OPTION_559,1
560,140,MSG_QUIZ_PROGRAMMING_QUESTION_OPTION_560,0
561,140,MSG_QUIZ_PROGRAMMING_QUESTION_OPTION_561,0
562,140,MSG_QUIZ_PROGRAMMING_QUESTION_OPTION_562,0
563,140,MSG_QUIZ_PROGRAMMING_QUESTION_OPTION_563,0
564,141,MSG_QUIZ_PROGRAMMING_QUESTION_OPTION_564,1
565,141,MSG_QUIZ_PROGRAMMING_QUESTION_OPTION_565,0
566,141,MSG_QUIZ_PROGRAMMING_QUESTION_OPTION_566,0
567,141,MSG_QUIZ_PROGRAMMING_QUESTION_OPTION_567,0
568,141,MSG_QUIZ_PROGRAMMING_QUESTION_OPTION_568,0
569,142,MSG_QUIZ_PROGRAMMING_QUESTION_OPTION_569,1
570,142,MSG_QUIZ_PROGRAMMING_QUESTION_OPTION_570,0
571,142,MSG_QUIZ_PROGRAMMING_QUESTION_OPTION_571,0
572,142,MSG_QUIZ_PROGRAMMING_QUESTION_OPTION_572,0
573,143,MSG_QUIZ_PROGRAMMING_QUESTION_OPTION_573,0
574,143,MSG_QUIZ_PROGRAMMING_QUESTION_OPTION_574,0
575,143,MSG_QUIZ_PROGRAMMING_QUESTION_OPTION_575,1
576,143,MSG_QUIZ_PROGRAMMING_QUESTION_OPTION_576,0
577,143,MSG_QUIZ_PROGRAMMING_QUESTION_OPTION_577,0
578,144,MSG_QUIZ_PROGRAMMING_QUESTION_OPTION_578,0
579,144,MSG_QUIZ_PROGRAMMING_QUESTION_OPTION_579,1
580,144,MSG_QUIZ_PROGRAMMING_QUESTION_OPTION_580,0
581,144,MSG_QUIZ_PROGRAMMING_QUESTION_OPTION_581,0
582,145,MSG_QUIZ_PROGRAMMING_QUESTION_OPTION_582,0
583,145,MSG_QUIZ_PROGRAMMING_QUESTION_OPTION_583,0
584,145,MSG_QUIZ_PROGRAMMING_QUESTION_OPTION_584,1
585,145,MSG_QUIZ_PROGRAMMING_QUESTION_OPTION_585,0
586,146,MSG_QUIZ_PROGRAMMING_QUESTION_OPTION_586,1
587,146,MSG_QUIZ_PROGRAMMING_QUESTION_OPTION_587,0
588,146,MSG_QUIZ_PROGRAMMING_QUESTION_OPTION_588,0
589,146,MSG_QUIZ_PROGRAMMING_QUESTION_OPTION_589,0
590,147,MSG_QUIZ_PROGRAMMING_QUESTION_OPTION_590,0
591,147,MSG_QUIZ_PROGRAMMING_QUESTION_OPTION_591,0
592,147,MSG_QUIZ_PROGRAMMING_QUESTION_OPTION_592,0
593,147,MSG_QUIZ_PROGRAMMING_QUESTION_OPTION_593,0
594,147,MSG_QUIZ_PROGRAMMING_QUESTION_OPTION_594,1
595,148,MSG_QUIZ_PROGRAMMING_QUESTION_OPTION_595,0
596,148,MSG_QUIZ_PROGRAMMING_QUESTION_OPTION_596,0
597,148,MSG_QUIZ_PROGRAMMING_QUESTION_OPTION_597,0
598,148,MSG_QUIZ_PROGRAMMING_QUESTION_OPTION_598,1
599,148,MSG_QUIZ_PROGRAMMING_QUESTION_OPTION_599,0
600,149,MSG_QUIZ_PROGRAMMING_QUESTION_OPTION_600,0
601,149,MSG_QUIZ_PROGRAMMING_QUESTION_OPTION_601,0
602,149,MSG_QUIZ_PROGRAMMING_QUESTION_OPTION_602,0
603,149,MSG_QUIZ_PROGRAMMING_QUESTION_OPTION_603,1
604,149,MSG_QUIZ_PROGRAMMING_QUESTION_OPTION_604,0
605,150,MSG_QUIZ_PROGRAMMING_QUESTION_OPTION_605,1
606,150,MSG_QUIZ_PROGRAMMING_QUESTION_OPTION_606,0
607,150,MSG_QUIZ_PROGRAMMING_QUESTION_OPTION_607,0
608,150,MSG_QUIZ_PROGRAMMING_QUESTION_OPTION_608,0
609,151,MSG_QUIZ_PROGRAMMING_QUESTION_OPTION_609,0
610,151,MSG_QUIZ_PROGRAMMING_QUESTION_OPTION_610,0
611,151,MSG_QUIZ_PROGRAMMING_QUESTION_OPTION_611,1
612,152,MSG_QUIZ_PROGRAMMING_QUESTION_OPTION_612,0
613,152,MSG_QUIZ_PROGRAMMING_QUESTION_OPTION_613,1
614,153,MSG_QUIZ_PROGRAMMING_QUESTION_OPTION_614,1
615,153,MSG_QUIZ_PROGRAMMING_QUESTION_OPTION_615,0
616,153,MSG_QUIZ_PROGRAMMING_QUESTION_OPTION_616,0
617,153,MSG_QUIZ_PROGRAMMING_QUESTION_OPTION_617,0
618,154,MSG_QUIZ_PROGRAMMING_QUESTION_OPTION_618,0
619,154,MSG_QUIZ_PROGRAMMING_QUESTION_OPTION_619,0
620,154,MSG_QUIZ_PROGRAMMING_QUESTION_OPTION_620,1
621,154,MSG_QUIZ_PROGRAMMING_QUESTION_OPTION_621,0
622,155,MSG_QUIZ_PROGRAMMING_QUESTION_OPTION_622,0
623,155,MSG_QUIZ_PROGRAMMING_QUESTION_OPTION_623,0
624,155,MSG_QUIZ_PROGRAMMING_QUESTION_OPTION_624,0
625,155,MSG_QUIZ_PROGRAMMING_QUESTION_OPTION_625,0
626,155,MSG_QUIZ_PROGRAMMING_QUESTION_OPTION_626,1
627,156,MSG_QUIZ_PROGRAMMING_QUESTION_OPTION_627,0
628,156,MSG_QUIZ_PROGRAMMING_QUESTION_OPTION_628,0
629,156,MSG_QUIZ_PROGRAMMING_QUESTION_OPTION_629,0
630,156,MSG_QUIZ_PROGRAMMING_QUESTION_OPTION_630,0
631,156,MSG_QUIZ_PROGRAMMING_QUESTION_OPTION_631,1
632,157,MSG_QUIZ_PROGRAMMING_QUESTION_OPTION_632,0
633,157,MSG_QUIZ_PROGRAMMING_QUESTION_OPTION_633,0
634,157,MSG_QUIZ_PROGRAMMING_QUESTION_OPTION_634,1
635,157,MSG_QUIZ_PROGRAMMING_QUESTION_OPTION_635,0
636,158,MSG_QUIZ_PROGRAMMING_QUESTION_OPTION_636,0
637,158,MSG_QUIZ_PROGRAMMING_QUESTION_OPTION_637,0
638,158,MSG_QUIZ_PROGRAMMING_QUESTION_OPTION_638,1
639,158,MSG_QUIZ_PROGRAMMING_QUESTION_OPTION_639,0
640,159,MSG_QUIZ_PROGRAMMING_QUESTION_OPTION_640,0
641,159,MSG_QUIZ_PROGRAMMING_QUESTION_OPTION_641,0
642,159,MSG_QUIZ_PROGRAMMING_QUESTION_OPTION_642,1
643,159,MSG_QUIZ_PROGRAMMING_QUESTION_OPTION_643,0
644,160,MSG_QUIZ_PROGRAMMING_QUESTION_OPTION_644,0
645,160,MSG_QUIZ_PROGRAMMING_QUESTION_OPTION_645,0
646,160,MSG_QUIZ_PROGRAMMING_QUESTION_OPTION_646,0
647,160,MSG_QUIZ_PROGRAMMING_QUESTION_OPTION_647,1
648,161,MSG_QUIZ_PROGRAMMING_QUESTION_OPTION_648,1
649,161,MSG_QUIZ_PROGRAMMING_QUESTION_OPTION_649,0
650,161,MSG_QUIZ_PROGRAMMING_QUESTION_OPTION_650,0
651,161,MSG_QUIZ_PROGRAMMING_QUESTION_OPTION_651,0
652,162,MSG_QUIZ_PROGRAMMING_QUESTION_OPTION_652,0
653,162,MSG_QUIZ_PROGRAMMING_QUESTION_OPTION_653,0
654,162,MSG_QUIZ_PROGRAMMING_QUESTION_OPTION_654,1
655,162,MSG_QUIZ_PROGRAMMING_QUESTION_OPTION_655,0
656,163,MSG_QUIZ_PROGRAMMING_QUESTION_OPTION_656,1
657,163,MSG_QUIZ_PROGRAMMING_QUESTION_OPTION_657,0
658,163,MSG_QUIZ_PROGRAMMING_QUESTION_OPTION_658,0
659,163,MSG_QUIZ_PROGRAMMING_QUESTION_OPTION_659,0
660,164,MSG_QUIZ_PROGRAMMING_QUESTION_OPTION_660,0
661,164,MSG_QUIZ_PROGRAMMING_QUESTION_OPTION_661,0
662,164,MSG_QUIZ_PROGRAMMING_QUESTION_OPTION_662,1
663,164,MSG_QUIZ_PROGRAMMING_QUESTION_OPTION_663,0
664,165,MSG_QUIZ_PROGRAMMING_QUESTION_OPTION_664,1
665,165,MSG_QUIZ_PROGRAMMING_QUESTION_OPTION_665,0
666,166,MSG_QUIZ_PROGRAMMING_QUESTION_OPTION_666,0
667,166,MSG_QUIZ_PROGRAMMING_QUESTION_OPTION_667,1
668,166,MSG_QUIZ_PROGRAMMING_QUESTION_OPTION_668,0
669,166,MSG_QUIZ_PROGRAMMING_QUESTION_OPTION_669,0
670,167,MSG_QUIZ_PROGRAMMING_QUESTION_OPTION_670,0
671,167,MSG_QUIZ_PROGRAMMING_QUESTION_OPTION_671,1
672,168,MSG_QUIZ_PROGRAMMING_QUESTION_OPTION_672,1
673,168,MSG_QUIZ_PROGRAMMING_QUESTION_OPTION_673,0
674,168,MSG_QUIZ_PROGRAMMING_QUESTION_OPTION_674,0
675,168,MSG_QUIZ_PROGRAMMING_QUESTION_OPTION_675,0
676,169,MSG_QUIZ_PROGRAMMING_QUESTION_OPTION_676,1
677,169,MSG_QUIZ_PROGRAMMING_QUESTION_OPTION_677,0
678,169,MSG_QUIZ_PROGRAMMING_QUESTION_OPTION_678,0
679,169,MSG_QUIZ_PROGRAMMING_QUESTION_OPTION_679,0
680,170,MSG_QUIZ_PROGRAMMING_QUESTION_OPTION_680,0
681,170,MSG_QUIZ_PROGRAMMING_QUESTION_OPTION_681,0
682,170,MSG_QUIZ_PROGRAMMING_QUESTION_OPTION_682,1
683,170,MSG_QUIZ_PROGRAMMING_QUESTION_OPTION_683,0
684,170,MSG_QUIZ_PROGRAMMING_QUESTION_OPTION_684,0
685,171,MSG_QUIZ_PROGRAMMING_QUESTION_OPTION_685,0
686,171,MSG_QUIZ_PROGRAMMING_QUESTION_OPTION_686,0
687,171,MSG_QUIZ_PROGRAMMING_QUESTION_OPTION_687,0
688,171,MSG_QUIZ_PROGRAMMING_QUESTION_OPTION_688,1
689,171,MSG_QUIZ_PROGRAMMING_QUESTION_OPTION_689,0
690,172,MSG_QUIZ_PROGRAMMING_QUESTION_OPTION_690,0
691,172,MSG_QUIZ_PROGRAMMING_QUESTION_OPTION_691,0
692,172,MSG_QUIZ_PROGRAMMING_QUESTION_OPTION_692,1
693,172,MSG_QUIZ_PROGRAMMING_QUESTION_OPTION_693,0
694,173,MSG_QUIZ_PROGRAMMING_QUESTION_OPTION_694,0
695,173,MSG_QUIZ_PROGRAMMING_QUESTION_OPTION_695,0
696,173,MSG_QUIZ_PROGRAMMING_QUESTION_OPTION_696,0
697,173,MSG_QUIZ_PROGRAMMING_QUESTION_OPTION_697,1
698,173,MSG_QUIZ_PROGRAMMING_QUESTION_OPTION_698,0
699,174,MSG_QUIZ_PROGRAMMING_QUESTION_OPTION_699,0
700,174,MSG_QUIZ_PROGRAMMING_QUESTION_OPTION_700,0
701,174,MSG_QUIZ_PROGRAMMING_QUESTION_OPTION_701,0
702,174,MSG_QUIZ_PROGRAMMING_QUESTION_OPTION_702,1
703,175,MSG_QUIZ_PROGRAMMING_QUESTION_OPTION_703,0
704,175,MSG_QUIZ_PROGRAMMING_QUESTION_OPTION_704,0
705,175,MSG_QUIZ_PROGRAMMING_QUESTION_OPTION_705,1
706,175,MSG_QUIZ_PROGRAMMING_QUESTION_OPTION_706,0
707,176,MSG_QUIZ_PROGRAMMING_QUESTION_OPTION_707,0
708,176,MSG_QUIZ_PROGRAMMING_QUESTION_OPTION_708,1
709,176,MSG_QUIZ_PROGRAMMING_QUESTION_OPTION_709,0
710,176,MSG_QUIZ_PROGRAMMING_QUESTION_OPTION_710,0
711,177,MSG_QUIZ_PROGRAMMING_QUESTION_OPTION_711,0
712,177,MSG_QUIZ_PROGRAMMING_QUESTION_OPTION_712,0
713,177,MSG_QUIZ_PROGRAMMING_QUESTION_OPTION_713,0
714,177,MSG_QUIZ_PROGRAMMING_QUESTION_OPTION_714,1
715,177,MSG_QUIZ_PROGRAMMING_QUESTION_OPTION_715,0
716,178,MSG_QUIZ_PROGRAMMING_QUESTION_OPTION_716,0
717,178,MSG_QUIZ_PROGRAMMING_QUESTION_OPTION_717,0
718,178,MSG_QUIZ_PROGRAMMING_QUESTION_OPTION_718,1
719,178,MSG_QUIZ_PROGRAMMING_QUESTION_OPTION_719,0
720,178,MSG_QUIZ_PROGRAMMING_QUESTION_OPTION_720,0
721,179,MSG_QUIZ_PROGRAMMING_QUESTION_OPTION_721,0
722,179,MSG_QUIZ_PROGRAMMING_QUESTION_OPTION_722,0
723,179,MSG_QUIZ_PROGRAMMING_QUESTION_OPTION_723,0
724,179,MSG_QUIZ_PROGRAMMING_QUESTION_OPTION_724,1
725,179,MSG_QUIZ_PROGRAMMING_QUESTION_OPTION_725,0
726,180,MSG_QUIZ_PROGRAMMING_QUESTION_OPTION_726,1
727,180,MSG_QUIZ_PROGRAMMING_QUESTION_OPTION_727,0
728,180,MSG_QUIZ_PROGRAMMING_QUESTION_OPTION_728,0
729,180,MSG_QUIZ_PROGRAMMING_QUESTION_OPTION_729,0
730,181,MSG_QUIZ_PROGRAMMING_QUESTION_OPTION_730,0
731,181,MSG_QUIZ_PROGRAMMING_QUESTION_OPTION_731,1
732,181,MSG_QUIZ_PROGRAMMING_QUESTION_OPTION_732,0
733,181,MSG_QUIZ_PROGRAMMING_QUESTION_OPTION_733,0
734,182,MSG_QUIZ_PROGRAMMING_QUESTION_OPTION_734,1
735,182,MSG_QUIZ_PROGRAMMING_QUESTION_OPTION_735,0
736,182,MSG_QUIZ_PROGRAMMING_QUESTION_OPTION_736,0
737,182,MSG_QUIZ_PROGRAMMING_QUESTION_OPTION_737,0
738,182,MSG_QUIZ_PROGRAMMING_QUESTION_OPTION_738,0
739,183,MSG_QUIZ_PROGRAMMING_QUESTION_OPTION_739,0
740,183,MSG_QUIZ_PROGRAMMING_QUESTION_OPTION_740,1
741,183,MSG_QUIZ_PROGRAMMING_QUESTION_OPTION_741,0
742,184,MSG_QUIZ_PROGRAMMING_QUESTION_OPTION_742,0
743,184,MSG_QUIZ_PROGRAMMING_QUESTION_OPTION_743,0
744,184,MSG_QUIZ_PROGRAMMING_QUESTION_OPTION_744,1
745,184,MSG_QUIZ_PROGRAMMING_QUESTION_OPTION_745,0
746,185,MSG_QUIZ_PROGRAMMING_QUESTION_OPTION_746,0
747,185,MSG_QUIZ_PROGRAMMING_QUESTION_OPTION_747,1
748,185,MSG_QUIZ_PROGRAMMING_QUESTION_OPTION_748,0
749,186,MSG_QUIZ_PROGRAMMING_QUESTION_OPTION_749,1
750,186,MSG_QUIZ_PROGRAMMING_QUESTION_OPTION_750,0
751,186,MSG_QUIZ_PROGRAMMING_QUESTION_OPTION_751,0
752,186,MSG_QUIZ_PROGRAMMING_QUESTION_OPTION_752,0
753,187,MSG_QUIZ_PROGRAMMING_QUESTION_OPTION_753,0
754,187,MSG_QUIZ_PROGRAMMING_QUESTION_OPTION_754,0
755,187,MSG_QUIZ_PROGRAMMING_QUESTION_OPTION_755,1
756,187,MSG_QUIZ_PROGRAMMING_QUESTION_OPTION_756,0
757,188,MSG_QUIZ_PROGRAMMING_QUESTION_OPTION_757,0
758,188,MSG_QUIZ_PROGRAMMING_QUESTION_OPTION_758,0
759,188,MSG_QUIZ_PROGRAMMING_QUESTION_OPTION_759,0
760,188,MSG_QUIZ_PROGRAMMING_QUESTION_OPTION_760,1
761,189,MSG_QUIZ_PROGRAMMING_QUESTION_OPTION_761,0
762,189,MSG_QUIZ_PROGRAMMING_QUESTION_OPTION_762,0
763,189,MSG_QUIZ_PROGRAMMING_QUESTION_OPTION_763,0
764,189,MSG_QUIZ_PROGRAMMING_QUESTION_OPTION_764,0
765,189,MSG_QUIZ_PROGRAMMING_QUESTION_OPTION_765,1
766,190,MSG_QUIZ_PROGRAMMING_QUESTION_OPTION_766,0
767,190,MSG_QUIZ_PROGRAMMING_QUESTION_OPTION_767,1
768,190,MSG_QUIZ_PROGRAMMING_QUESTION_OPTION_768,0
769,190,MSG_QUIZ_PROGRAMMING_QUESTION_OPTION_769,0
770,190,MSG_QUIZ_PROGRAMMING_QUESTION_OPTION_770,0
771,191,MSG_QUIZ_PROGRAMMING_QUESTION_OPTION_771,0
772,191,MSG_QUIZ_PROGRAMMING_QUESTION_OPTION_772,1
773,191,MSG_QUIZ_PROGRAMMING_QUESTION_OPTION_773,0
774,191,MSG_QUIZ_PROGRAMMING_QUESTION_OPTION_774,0
775,191,MSG_QUIZ_PROGRAMMING_QUESTION_OPTION_775,0
776,192,MSG_QUIZ_PROGRAMMING_QUESTION_OPTION_776,1
777,192,MSG_QUIZ_PROGRAMMING_QUESTION_OPTION_777,0
778,192,MSG_QUIZ_PROGRAMMING_QUESTION_OPTION_778,0
779,192,MSG_QUIZ_PROGRAMMING_QUESTION_OPTION_779,0
780,193,MSG_QUIZ_PROGRAMMING_QUESTION_OPTION_780,1
781,193,MSG_QUIZ_PROGRAMMING_QUESTION_OPTION_781,0
782,193,MSG_QUIZ_PROGRAMMING_QUESTION_OPTION_782,0
783,193,MSG_QUIZ_PROGRAMMING_QUESTION_OPTION_783,0
784,194,MSG_QUIZ_PROGRAMMING_QUESTION_OPTION_784,1
785,194,MSG_QUIZ_PROGRAMMING_QUESTION_OPTION_785,0
786,194,MSG_QUIZ_PROGRAMMING_QUESTION_OPTION_786,0
787,194,MSG_QUIZ_PROGRAMMING_QUESTION_OPTION_787,0
788,195,MSG_QUIZ_PROGRAMMING_QUESTION_OPTION_788,0
789,195,MSG_QUIZ_PROGRAMMING_QUESTION_OPTION_789,0
790,195,MSG_QUIZ_PROGRAMMING_QUESTION_OPTION_790,0
791,195,MSG_QUIZ_PROGRAMMING_QUESTION_OPTION_791,1
792,196,MSG_QUIZ_PROGRAMMING_QUESTION_OPTION_792,0
793,196,MSG_QUIZ_PROGRAMMING_QUESTION_OPTION_793,0
794,196,MSG_QUIZ_PROGRAMMING_QUESTION_OPTION_794,1
795,196,MSG_QUIZ_PROGRAMMING_QUESTION_OPTION_795,0
796,197,MSG_QUIZ_PROGRAMMING_QUESTION_OPTION_796,1
797,197,MSG_QUIZ_PROGRAMMING_QUESTION_OPTION_797,0
798,197,MSG_QUIZ_PROGRAMMING_QUESTION_OPTION_798,0
799,197,MSG_QUIZ_PROGRAMMING_QUESTION_OPTION_799,0
800,197,MSG_QUIZ_PROGRAMMING_QUESTION_OPTION_800,0
801,198,MSG_QUIZ_PROGRAMMING_QUESTION_OPTION_801,0
802,198,MSG_QUIZ_PROGRAMMING_QUESTION_OPTION_802,0
803,198,MSG_QUIZ_PROGRAMMING_QUESTION_OPTION_803,0
804,198,MSG_QUIZ_PROGRAMMING_QUESTION_OPTION_804,0
805,198,MSG_QUIZ_PROGRAMMING_QUESTION_OPTION_805,1
806,199,MSG_QUIZ_PROGRAMMING_QUESTION_OPTION_806,0
807,199,MSG_QUIZ_PROGRAMMING_QUESTION_OPTION_807,0
808,199,MSG_QUIZ_PROGRAMMING_QUESTION_OPTION_808,0
809,199,MSG_QUIZ_PROGRAMMING_QUESTION_OPTION_809,1
810,200,MSG_QUIZ_PROGRAMMING_QUESTION_OPTION_810,1
811,200,MSG_QUIZ_PROGRAMMING_QUESTION_OPTION_811,0
812,200,MSG_QUIZ_PROGRAMMING_QUESTION_OPTION_812,0
813,200,MSG_QUIZ_PROGRAMMING_QUESTION_OPTION_813,0
814,201,MSG_QUIZ_PROGRAMMING_QUESTION_OPTION_814,0
815,201,MSG_QUIZ_PROGRAMMING_QUESTION_OPTION_815,1
816,201,MSG_QUIZ_PROGRAMMING_QUESTION_OPTION_816,0
817,201,MSG_QUIZ_PROGRAMMING_QUESTION_OPTION_817,0
818,202,MSG_QUIZ_PROGRAMMING_QUESTION_OPTION_818,0
819,202,MSG_QUIZ_PROGRAMMING_QUESTION_OPTION_819,1
820,202,MSG_QUIZ_PROGRAMMING_QUESTION_OPTION_820,0
821,202,MSG_QUIZ_PROGRAMMING_QUESTION_OPTION_821,0
822,203,MSG_QUIZ_PROGRAMMING_QUESTION_OPTION_822,0
823,203,MSG_QUIZ_PROGRAMMING_QUESTION_OPTION_823,0
824,203,MSG_QUIZ_PROGRAMMING_QUESTION_OPTION_824,1
825,203,MSG_QUIZ_PROGRAMMING_QUESTION_OPTION_825,0
826,204,MSG_QUIZ_PROGRAMMING_QUESTION_OPTION_826,1
827,204,MSG_QUIZ_PROGRAMMING_QUESTION_OPTION_827,0
828,204,MSG_QUIZ_PROGRAMMING_QUESTION_OPTION_828,0
829,204,MSG_QUIZ_PROGRAMMING_QUESTION_OPTION_829,0
830,204,MSG_QUIZ_PROGRAMMING_QUESTION_OPTION_830,0
831,205,MSG_QUIZ_PROGRAMMING_QUESTION_OPTION_831,0
832,205,MSG_QUIZ_PROGRAMMING_QUESTION_OPTION_832,1
833,205,MSG_QUIZ_PROGRAMMING_QUESTION_OPTION_833,0
834,205,MSG_QUIZ_PROGRAMMING_QUESTION_OPTION_834,0
835,205,MSG_QUIZ_PROGRAMMING_QUESTION_OPTION_835,0
836,206,MSG_QUIZ_PROGRAMMING_QUESTION_OPTION_836,1
837,206,MSG_QUIZ_PROGRAMMING_QUESTION_OPTION_837,0
838,206,MSG_QUIZ_PROGRAMMING_QUESTION_OPTION_838,0
839,206,MSG_QUIZ_PROGRAMMING_QUESTION_OPTION_839,0
840,207,MSG_QUIZ_PROGRAMMING_QUESTION_OPTION_840,0
841,207,MSG_QUIZ_PROGRAMMING_QUESTION_OPTION_841,0
842,207,MSG_QUIZ_PROGRAMMING_QUESTION_OPTION_842,0
843,207,MSG_QUIZ_PROGRAMMING_QUESTION_OPTION_843,1
844,207,MSG_QUIZ_PROGRAMMING_QUESTION_OPTION_844,0
845,208,MSG_QUIZ_PROGRAMMING_QUESTION_OPTION_845,1
846,208,MSG_QUIZ_PROGRAMMING_QUESTION_OPTION_846,0
847,208,MSG_QUIZ_PROGRAMMING_QUESTION_OPTION_847,0
848,208,MSG_QUIZ_PROGRAMMING_QUESTION_OPTION_848,0
849,208,MSG_QUIZ_PROGRAMMING_QUESTION_OPTION_849,0
850,209,MSG_QUIZ_PROGRAMMING_QUESTION_OPTION_850,0
851,209,MSG_QUIZ_PROGRAMMING_QUESTION_OPTION_851,0
852,209,MSG_QUIZ_PROGRAMMING_QUESTION_OPTION_852,1
853,209,MSG_QUIZ_PROGRAMMING_QUESTION_OPTION_853,0
854,210,MSG_QUIZ_PROGRAMMING_QUESTION_OPTION_854,0
855,210,MSG_QUIZ_PROGRAMMING_QUESTION_OPTION_855,0
856,210,MSG_QUIZ_PROGRAMMING_QUESTION_OPTION_856,0
857,210,MSG_QUIZ_PROGRAMMING_QUESTION_OPTION_857,1
858,210,MSG_QUIZ_PROGRAMMING_QUESTION_OPTION_858,0
859,211,MSG_QUIZ_PROGRAMMING_QUESTION_OPTION_859,0
860,211,MSG_QUIZ_PROGRAMMING_QUESTION_OPTION_860,0
861,211,MSG_QUIZ_PROGRAMMING_QUESTION_OPTION_861,1
862,211,MSG_QUIZ_PROGRAMMING_QUESTION_OPTION_862,0
863,212,MSG_QUIZ_PROGRAMMING_QUESTION_OPTION_863,0
864,212,MSG_QUIZ_PROGRAMMING_QUESTION_OPTION_864,0
865,212,MSG_QUIZ_PROGRAMMING_QUESTION_OPTION_865,1
866,212,MSG_QUIZ_PROGRAMMING_QUESTION_OPTION_866,0
867,213,MSG_QUIZ_PROGRAMMING_QUESTION_OPTION_867,0
868,213,MSG_QUIZ_PROGRAMMING_QUESTION_OPTION_868,0
869,213,MSG_QUIZ_PROGRAMMING_QUESTION_OPTION_869,1
870,213,MSG_QUIZ_PROGRAMMING_QUESTION_OPTION_870,0
871,213,MSG_QUIZ_PROGRAMMING_QUESTION_OPTION_871,0
872,214,MSG_QUIZ_PROGRAMMING_QUESTION_OPTION_872,0
873,214,MSG_QUIZ_PROGRAMMING_QUESTION_OPTION_873,0
874,214,MSG_QUIZ_PROGRAMMING_QUESTION_OPTION_874,0
875,214,MSG_QUIZ_PROGRAMMING_QUESTION_OPTION_875,1
876,215,MSG_QUIZ_PROGRAMMING_QUESTION_OPTION_876,0
877,215,MSG_QUIZ_PROGRAMMING_QUESTION_OPTION_877,1
878,215,MSG_QUIZ_PROGRAMMING_QUESTION_OPTION_878,0
879,215,MSG_QUIZ_PROGRAMMING_QUESTION_OPTION_879,0
880,216,MSG_QUIZ_PROGRAMMING_QUESTION_OPTION_880,0
881,216,MSG_QUIZ_PROGRAMMING_QUESTION_OPTION_881,1
882,216,MSG_QUIZ_PROGRAMMING_QUESTION_OPTION_882,0
883,216,MSG_QUIZ_PROGRAMMING_QUESTION_OPTION_883,0
884,216,MSG_QUIZ_PROGRAMMING_QUESTION_OPTION_884,0
885,217,MSG_QUIZ_PROGRAMMING_QUESTION_OPTION_885,0
886,217,MSG_QUIZ_PROGRAMMING_QUESTION_OPTION_886,0
887,217,MSG_QUIZ_PROGRAMMING_QUESTION_OPTION_887,1
888,217,MSG_QUIZ_PROGRAMMING_QUESTION_OPTION_888,0
889,218,MSG_QUIZ_PROGRAMMING_QUESTION_OPTION_889,0
890,218,MSG_QUIZ_PROGRAMMING_QUESTION_OPTION_890,1
891,218,MSG_QUIZ_PROGRAMMING_QUESTION_OPTION_891,0
892,218,MSG_QUIZ_PROGRAMMING_QUESTION_OPTION_892,0
893,218,MSG_QUIZ_PROGRAMMING_QUESTION_OPTION_893,0
894,219,MSG_QUIZ_PROGRAMMING_QUESTION_OPTION_894,0
895,219,MSG_QUIZ_PROGRAMMING_QUESTION_OPTION_895,0
896,219,MSG_QUIZ_PROGRAMMING_QUESTION_OPTION_896,0
897,219,MSG_QUIZ_PROGRAMMING_QUESTION_OPTION_897,0
898,219,MSG_QUIZ_PROGRAMMING_QUESTION_OPTION_898,1
899,220,MSG_QUIZ_PROGRAMMING_QUESTION_OPTION_899,0
900,220,MSG_QUIZ_PROGRAMMING_QUESTION_OPTION_900,0
901,220,MSG_QUIZ_PROGRAMMING_QUESTION_OPTION_901,0
902,220,MSG_QUIZ_PROGRAMMING_QUESTION_OPTION_902,1
903,220,MSG_QUIZ_PROGRAMMING_QUESTION_OPTION_903,0
904,221,MSG_QUIZ_PROGRAMMING_QUESTION_OPTION_904,0
905,221,MSG_QUIZ_PROGRAMMING_QUESTION_OPTION_905,1
906,221,MSG_QUIZ_PROGRAMMING_QUESTION_OPTION_906,0
907,221,MSG_QUIZ_PROGRAMMING_QUESTION_OPTION_907,0
908,222,MSG_QUIZ_PROGRAMMING_QUESTION_OPTION_908,1
909,222,MSG_QUIZ_PROGRAMMING_QUESTION_OPTION_909,0
910,222,MSG_QUIZ_PROGRAMMING_QUESTION_OPTION_910,0
911,222,MSG_QUIZ_PROGRAMMING_QUESTION_OPTION_911,0
912,222,MSG_QUIZ_PROGRAMMING_QUESTION_OPTION_912,0
913,223,MSG_QUIZ_PROGRAMMING_QUESTION_OPTION_913,0
914,223,MSG_QUIZ_PROGRAMMING_QUESTION_OPTION_914,0
915,223,MSG_QUIZ_PROGRAMMING_QUESTION_OPTION_915,0
916,223,MSG_QUIZ_PROGRAMMING_QUESTION_OPTION_916,1
917,224,MSG_QUIZ_PROGRAMMING_QUESTION_OPTION_917,1
918,224,MSG_QUIZ_PROGRAMMING_QUESTION_OPTION_918,0
919,224,MSG_QUIZ_PROGRAMMING_QUESTION_OPTION_919,0
920,224,MSG_QUIZ_PROGRAMMING_QUESTION_OPTION_920,0
921,225,MSG_QUIZ_PROGRAMMING_QUESTION_OPTION_921,1
922,225,MSG_QUIZ_PROGRAMMING_QUESTION_OPTION_922,0
923,225,MSG_QUIZ_PROGRAMMING_QUESTION_OPTION_923,0
924,225,MSG_QUIZ_PROGRAMMING_QUESTION_OPTION_924,0
925,225,MSG_QUIZ_PROGRAMMING_QUESTION_OPTION_925,0
926,226,MSG_QUIZ_PROGRAMMING_QUESTION_OPTION_926,0
927,226,MSG_QUIZ_PROGRAMMING_QUESTION_OPTION_927,0
928,226,MSG_QUIZ_PROGRAMMING_QUESTION_OPTION_928,0
929,226,MSG_QUIZ_PROGRAMMING_QUESTION_OPTION_929,1
930,226,MSG_QUIZ_PROGRAMMING_QUESTION_OPTION_930,0
931,227,MSG_QUIZ_PROGRAMMING_QUESTION_OPTION_931,0
932,227,MSG_QUIZ_PROGRAMMING_QUESTION_OPTION_932,1
933,227,MSG_QUIZ_PROGRAMMING_QUESTION_OPTION_933,0
934,227,MSG_QUIZ_PROGRAMMING_QUESTION_OPTION_934,0
935,227,MSG_QUIZ_PROGRAMMING_QUESTION_OPTION_935,0
936,228,MSG_QUIZ_PROGRAMMING_QUESTION_OPTION_936,0
937,228,MSG_QUIZ_PROGRAMMING_QUESTION_OPTION_937,0
938,228,MSG_QUIZ_PROGRAMMING_QUESTION_OPTION_938,0
939,228,MSG_QUIZ_PROGRAMMING_QUESTION_OPTION_939,1
940,229,MSG_QUIZ_PROGRAMMING_QUESTION_OPTION_940,1
941,229,MSG_QUIZ_PROGRAMMING_QUESTION_OPTION_941,0
942,230,MSG_QUIZ_PROGRAMMING_QUESTION_OPTION_942,0
943,230,MSG_QUIZ_PROGRAMMING_QUESTION_OPTION_943,1
944,230,MSG_QUIZ_PROGRAMMING_QUESTION_OPTION_944,0
945,231,MSG_QUIZ_PROGRAMMING_QUESTION_OPTION_945,1
946,231,MSG_QUIZ_PROGRAMMING_QUESTION_OPTION_946,0
947,231,MSG_QUIZ_PROGRAMMING_QUESTION_OPTION_947,0
948,231,MSG_QUIZ_PROGRAMMING_QUESTION_OPTION_948,0
949,231,MSG_QUIZ_PROGRAMMING_QUESTION_OPTION_949,0
950,232,MSG_QUIZ_PROGRAMMING_QUESTION_OPTION_950,0
951,232,MSG_QUIZ_PROGRAMMING_QUESTION_OPTION_951,0
952,232,MSG_QUIZ_PROGRAMMING_QUESTION_OPTION_952,0
953,232,MSG_QUIZ_PROGRAMMING_QUESTION_OPTION_953,1
954,232,MSG_QUIZ_PROGRAMMING_QUESTION_OPTION_954,0
955,233,MSG_QUIZ_PROGRAMMING_QUESTION_OPTION_955,0
956,233,MSG_QUIZ_PROGRAMMING_QUESTION_OPTION_956,0
957,233,MSG_QUIZ_PROGRAMMING_QUESTION_OPTION_957,0
958,233,MSG_QUIZ_PROGRAMMING_QUESTION_OPTION_958,1
959,234,MSG_QUIZ_PROGRAMMING_QUESTION_OPTION_959,0
960,234,MSG_QUIZ_PROGRAMMING_QUESTION_OPTION_960,1
961,234,MSG_QUIZ_PROGRAMMING_QUESTION_OPTION_961,0
962,234,MSG_QUIZ_PROGRAMMING_QUESTION_OPTION_962,0
963,235,MSG_QUIZ_PROGRAMMING_QUESTION_OPTION_963,0
964,235,MSG_QUIZ_PROGRAMMING_QUESTION_OPTION_964,1
965,235,MSG_QUIZ_PROGRAMMING_QUESTION_OPTION_965,0
966,235,MSG_QUIZ_PROGRAMMING_QUESTION_OPTION_966,0
967,236,MSG_QUIZ_PROGRAMMING_QUESTION_OPTION_967,0
968,236,MSG_QUIZ_PROGRAMMING_QUESTION_OPTION_968,0
969,236,MSG_QUIZ_PROGRAMMING_QUESTION_OPTION_969,0
970,236,MSG_QUIZ_PROGRAMMING_QUESTION_OPTION_970,1
971,236,MSG_QUIZ_PROGRAMMING_QUESTION_OPTION_971,0
972,237,MSG_QUIZ_PROGRAMMING_QUESTION_OPTION_972,0
973,237,MSG_QUIZ_PROGRAMMING_QUESTION_OPTION_973,0
974,237,MSG_QUIZ_PROGRAMMING_QUESTION_OPTION_974,0
975,237,MSG_QUIZ_PROGRAMMING_QUESTION_OPTION_975,0
976,237,MSG_QUIZ_PROGRAMMING_QUESTION_OPTION_976,1
977,238,MSG_QUIZ_PROGRAMMING_QUESTION_OPTION_977,0
978,238,MSG_QUIZ_PROGRAMMING_QUESTION_OPTION_978,1
979,238,MSG_QUIZ_PROGRAMMING_QUESTION_OPTION_979,0
980,239,MSG_QUIZ_PROGRAMMING_QUESTION_OPTION_980,0
981,239,MSG_QUIZ_PROGRAMMING_QUESTION_OPTION_981,1
982,239,MSG_QUIZ_PROGRAMMING_QUESTION_OPTION_982,0
983,239,MSG_QUIZ_PROGRAMMING_QUESTION_OPTION_983,0
984,240,MSG_QUIZ_PROGRAMMING_QUESTION_OPTION_984,0
985,240,MSG_QUIZ_PROGRAMMING_QUESTION_OPTION_985,1
986,241,MSG_QUIZ_PROGRAMMING_QUESTION_OPTION_986,0
987,241,MSG_QUIZ_PROGRAMMING_QUESTION_OPTION_987,0
988,241,MSG_QUIZ_PROGRAMMING_QUESTION_OPTION_988,1
989,241,MSG_QUIZ_PROGRAMMING_QUESTION_OPTION_989,0
990,242,MSG_QUIZ_PROGRAMMING_QUESTION_OPTION_990,0
991,242,MSG_QUIZ_PROGRAMMING_QUESTION_OPTION_991,0
992,242,MSG_QUIZ_PROGRAMMING_QUESTION_OPTION_992,0
993,242,MSG_QUIZ_PROGRAMMING_QUESTION_OPTION_993,1
994,242,MSG_QUIZ_PROGRAMMING_QUESTION_OPTION_994,0
995,243,MSG_QUIZ_PROGRAMMING_QUESTION_OPTION_995,0
996,243,MSG_QUIZ_PROGRAMMING_QUESTION_OPTION_996,1
997,243,MSG_QUIZ_PROGRAMMING_QUESTION_OPTION_997,0
998,243,MSG_QUIZ_PROGRAMMING_QUESTION_OPTION_998,0
999,244,MSG_QUIZ_PROGRAMMING_QUESTION_OPTION_999,1
1000,244,MSG_QUIZ_PROGRAMMING_QUESTION_OPTION_1000,0
1001,244,MSG_QUIZ_PROGRAMMING_QUESTION_OPTION_1001,0
1002,244,MSG_QUIZ_PROGRAMMING_QUESTION_OPTION_1002,0
1003,245,MSG_QUIZ_PROGRAMMING_QUESTION_OPTION_1003,0
1004,245,MSG_QUIZ_PROGRAMMING_QUESTION_OPTION_1004,1
1005,245,MSG_QUIZ_PROGRAMMING_QUESTION_OPTION_1005,0
1006,245,MSG_QUIZ_PROGRAMMING_QUESTION_OPTION_1006,0
1007,246,MSG_QUIZ_PROGRAMMING_QUESTION_OPTION_1007,0
1008,246,MSG_QUIZ_PROGRAMMING_QUESTION_OPTION_1008,0
1009,246,MSG_QUIZ_PROGRAMMING_QUESTION_OPTION_1009,1
1010,246,MSG_QUIZ_PROGRAMMING_QUESTION_OPTION_1010,0
1011,247,MSG_QUIZ_PROGRAMMING_QUESTION_OPTION_1011,1
1012,247,MSG_QUIZ_PROGRAMMING_QUESTION_OPTION_1012,0
1013,247,MSG_QUIZ_PROGRAMMING_QUESTION_OPTION_1013,0
1014,247,MSG_QUIZ_PROGRAMMING_QUESTION_OPTION_1014,0
1015,248,MSG_QUIZ_PROGRAMMING_QUESTION_OPTION_1015,1
1016,248,MSG_QUIZ_PROGRAMMING_QUESTION_OPTION_1016,0
1017,248,MSG_QUIZ_PROGRAMMING_QUESTION_OPTION_1017,0
1018,248,MSG_QUIZ_PROGRAMMING_QUESTION_OPTION_1018,0
1019,249,MSG_QUIZ_PROGRAMMING_QUESTION_OPTION_1019,0
1020,249,MSG_QUIZ_PROGRAMMING_QUESTION_OPTION_1020,0
1021,249,MSG_QUIZ_PROGRAMMING_QUESTION_OPTION_1021,1
1022,249,MSG_QUIZ_PROGRAMMING_QUESTION_OPTION_1022,0
1023,250,MSG_QUIZ_PROGRAMMING_QUESTION_OPTION_1023,0
1024,250,MSG_QUIZ_PROGRAMMING_QUESTION_OPTION_1024,0
1025,250,MSG_QUIZ_PROGRAMMING_QUESTION_OPTION_1025,1
1026,250,MSG_QUIZ_PROGRAMMING_QUESTION_OPTION_1026,0
1027,251,MSG_QUIZ_PROGRAMMING_QUESTION_OPTION_1027,1
1028,251,MSG_QUIZ_PROGRAMMING_QUESTION_OPTION_1028,0
1029,251,MSG_QUIZ_PROGRAMMING_QUESTION_OPTION_1029,0
1030,251,MSG_QUIZ_PROGRAMMING_QUESTION_OPTION_1030,0
1031,252,MSG_QUIZ_PROGRAMMING_QUESTION_OPTION_1031,1
1032,252,MSG_QUIZ_PROGRAMMING_QUESTION_OPTION_1032,0
1033,252,MSG_QUIZ_PROGRAMMING_QUESTION_OPTION_1033,0
1034,252,MSG_QUIZ_PROGRAMMING_QUESTION_OPTION_1034,0
1035,253,MSG_QUIZ_PROGRAMMING_QUESTION_OPTION_1035,1
1036,253,MSG_QUIZ_PROGRAMMING_QUESTION_OPTION_1036,0
1037,253,MSG_QUIZ_PROGRAMMING_QUESTION_OPTION_1037,0
1038,253,MSG_QUIZ_PROGRAMMING_QUESTION_OPTION_1038,0
1039,254,MSG_QUIZ_PROGRAMMING_QUESTION_OPTION_1039,1
1040,254,MSG_QUIZ_PROGRAMMING_QUESTION_OPTION_1040,0
1041,254,MSG_QUIZ_PROGRAMMING_QUESTION_OPTION_1041,0
1042,254,MSG_QUIZ_PROGRAMMING_QUESTION_OPTION_1042,0
1043,255,MSG_QUIZ_PROGRAMMING_QUESTION_OPTION_1043,0
1044,255,MSG_QUIZ_PROGRAMMING_QUESTION_OPTION_1044,0
1045,255,MSG_QUIZ_PROGRAMMING_QUESTION_OPTION_1045,1
1046,255,MSG_QUIZ_PROGRAMMING_QUESTION_OPTION_1046,0
1047,256,MSG_QUIZ_PROGRAMMING_QUESTION_OPTION_1047,0
1048,256,MSG_QUIZ_PROGRAMMING_QUESTION_OPTION_1048,0
1049,256,MSG_QUIZ_PROGRAMMING_QUESTION_OPTION_1049,1
1050,256,MSG_QUIZ_PROGRAMMING_QUESTION_OPTION_1050,0
1051,257,MSG_QUIZ_PROGRAMMING_QUESTION_OPTION_1051,0
1052,257,MSG_QUIZ_PROGRAMMING_QUESTION_OPTION_1052,0
1053,257,MSG_QUIZ_PROGRAMMING_QUESTION_OPTION_1053,1
1054,257,MSG_QUIZ_PROGRAMMING_QUESTION_OPTION_1054,0
1055,258,MSG_QUIZ_PROGRAMMING_QUESTION_OPTION_1055,0
1056,258,MSG_QUIZ_PROGRAMMING_QUESTION_OPTION_1056,1
1057,258,MSG_QUIZ_PROGRAMMING_QUESTION_OPTION_1057,0
1058,258,MSG_QUIZ_PROGRAMMING_QUESTION_OPTION_1058,0
1059,259,MSG_QUIZ_PROGRAMMING_QUESTION_OPTION_1059,1
1060,259,MSG_QUIZ_PROGRAMMING_QUESTION_OPTION_1060,0
1061,259,MSG_QUIZ_PROGRAMMING_QUESTION_OPTION_1061,0
1062,259,MSG_QUIZ_PROGRAMMING_QUESTION_OPTION_1062,0
1063,260,MSG_QUIZ_PROGRAMMING_QUESTION_OPTION_1063,0
1064,260,MSG_QUIZ_PROGRAMMING_QUESTION_OPTION_1064,0
1065,260,MSG_QUIZ_PROGRAMMING_QUESTION_OPTION_1065,1
1066,260,MSG_QUIZ_PROGRAMMING_QUESTION_OPTION_1066,0
1067,261,MSG_QUIZ_PROGRAMMING_QUESTION_OPTION_1067,1
1068,261,MSG_QUIZ_PROGRAMMING_QUESTION_OPTION_1068,0
1069,261,MSG_QUIZ_PROGRAMMING_QUESTION_OPTION_1069,0
1070,261,MSG_QUIZ_PROGRAMMING_QUESTION_OPTION_1070,0
1071,262,MSG_QUIZ_PROGRAMMING_QUESTION_OPTION_1071,0
1072,262,MSG_QUIZ_PROGRAMMING_QUESTION_OPTION_1072,1
1073,262,MSG_QUIZ_PROGRAMMING_QUESTION_OPTION_1073,0
1074,262,MSG_QUIZ_PROGRAMMING_QUESTION_OPTION_1074,0
1075,263,MSG_QUIZ_PROGRAMMING_QUESTION_OPTION_1075,0
1076,263,MSG_QUIZ_PROGRAMMING_QUESTION_OPTION_1076,0
1077,263,MSG_QUIZ_PROGRAMMING_QUESTION_OPTION_1077,0
1078,263,MSG_QUIZ_PROGRAMMING_QUESTION_OPTION_1078,1
1079,264,MSG_QUIZ_PROGRAMMING_QUESTION_OPTION_1079,0
1080,264,MSG_QUIZ_PROGRAMMING_QUESTION_OPTION_1080,0
1081,264,MSG_QUIZ_PROGRAMMING_QUESTION_OPTION_1081,0
1082,264,MSG_QUIZ_PROGRAMMING_QUESTION_OPTION_1082,1
1083,265,MSG_QUIZ_PROGRAMMING_QUESTION_OPTION_1083,0
1084,265,MSG_QUIZ_PROGRAMMING_QUESTION_OPTION_1084,0
1085,265,MSG_QUIZ_PROGRAMMING_QUESTION_OPTION_1085,1
1086,265,MSG_QUIZ_PROGRAMMING_QUESTION_OPTION_1086,0
1087,266,MSG_QUIZ_PROGRAMMING_QUESTION_OPTION_1087,0
1088,266,MSG_QUIZ_PROGRAMMING_QUESTION_OPTION_1088,0
1089,266,MSG_QUIZ_PROGRAMMING_QUESTION_OPTION_1089,0
1090,266,MSG_QUIZ_PROGRAMMING_QUESTION_OPTION_1090,1
1091,267,MSG_QUIZ_PROGRAMMING_QUESTION_OPTION_1091,0
1092,267,MSG_QUIZ_PROGRAMMING_QUESTION_OPTION_1092,1
1093,267,MSG_QUIZ_PROGRAMMING_QUESTION_OPTION_1093,0
1094,267,MSG_QUIZ_PROGRAMMING_QUESTION_OPTION_1094,0
1095,268,MSG_QUIZ_PROGRAMMING_QUESTION_OPTION_1095,1
1096,268,MSG_QUIZ_PROGRAMMING_QUESTION_OPTION_1096,0
1097,268,MSG_QUIZ_PROGRAMMING_QUESTION_OPTION_1097,0
1098,268,MSG_QUIZ_PROGRAMMING_QUESTION_OPTION_1098,0
1099,269,MSG_QUIZ_PROGRAMMING_QUESTION_OPTION_1099,0
1100,269,MSG_QUIZ_PROGRAMMING_QUESTION_OPTION_1100,1
1101,269,MSG_QUIZ_PROGRAMMING_QUESTION_OPTION_1101,0
1102,269,MSG_QUIZ_PROGRAMMING_QUESTION_OPTION_1102,0
1103,270,MSG_QUIZ_PROGRAMMING_QUESTION_OPTION_1103,0
1104,270,MSG_QUIZ_PROGRAMMING_QUESTION_OPTION_1104,1
1105,270,MSG_QUIZ_PROGRAMMING_QUESTION_OPTION_1105,0
1106,270,MSG_QUIZ_PROGRAMMING_QUESTION_OPTION_1106,0
1107,271,MSG_QUIZ_PROGRAMMING_QUESTION_OPTION_1107,1
1108,271,MSG_QUIZ_PROGRAMMING_QUESTION_OPTION_1108,0
1109,271,MSG_QUIZ_PROGRAMMING_QUESTION_OPTION_1109,0
1110,271,MSG_QUIZ_PROGRAMMING_QUESTION_OPTION_1110,0
1111,272,MSG_QUIZ_PROGRAMMING_QUESTION_OPTION_1111,0
1112,272,MSG_QUIZ_PROGRAMMING_QUESTION_OPTION_1112,1
1113,272,MSG_QUIZ_PROGRAMMING_QUESTION_OPTION_1113,0
1114,272,MSG_QUIZ_PROGRAMMING_QUESTION_OPTION_1114,0
1115,273,MSG_QUIZ_PROGRAMMING_QUESTION_OPTION_1115,0
1116,273,MSG_QUIZ_PROGRAMMING_QUESTION_OPTION_1116,0
1117,273,MSG_QUIZ_PROGRAMMING_QUESTION_OPTION_1117,1
1118,273,MSG_QUIZ_PROGRAMMING_QUESTION_OPTION_1118,0
1119,274,MSG_QUIZ_PROGRAMMING_QUESTION_OPTION_1119,1
1120,274,MSG_QUIZ_PROGRAMMING_QUESTION_OPTION_1120,0
1121,274,MSG_QUIZ_PROGRAMMING_QUESTION_OPTION_1121,0
1122,274,MSG_QUIZ_PROGRAMMING_QUESTION_OPTION_1122,0
1123,275,MSG_QUIZ_PROGRAMMING_QUESTION_OPTION_1123,0
1124,275,MSG_QUIZ_PROGRAMMING_QUESTION_OPTION_1124,0
1125,275,MSG_QUIZ_PROGRAMMING_QUESTION_OPTION_1125,0
1126,275,MSG_QUIZ_PROGRAMMING_QUESTION_OPTION_1126,1
1127,276,MSG_QUIZ_PROGRAMMING_QUESTION_OPTION_1127,1
1128,276,MSG_QUIZ_PROGRAMMING_QUESTION_OPTION_1128,0
1129,276,MSG_QUIZ_PROGRAMMING_QUESTION_OPTION_1129,0
1130,276,MSG_QUIZ_PROGRAMMING_QUESTION_OPTION_1130,0
1131,277,MSG_QUIZ_PROGRAMMING_QUESTION_OPTION_1131,0
1132,277,MSG_QUIZ_PROGRAMMING_QUESTION_OPTION_1132,1
1133,277,MSG_QUIZ_PROGRAMMING_QUESTION_OPTION_1133,0
1134,277,MSG_QUIZ_PROGRAMMING_QUESTION_OPTION_1134,0
1135,278,MSG_QUIZ_PROGRAMMING_QUESTION_OPTION_1135,0
1136,278,MSG_QUIZ_PROGRAMMING_QUESTION_OPTION_1136,0
1137,278,MSG_QUIZ_PROGRAMMING_QUESTION_OPTION_1137,1
1138,278,MSG_QUIZ_PROGRAMMING_QUESTION_OPTION_1138,0
1139,279,MSG_QUIZ_PROGRAMMING_QUESTION_OPTION_1139,0
1140,279,MSG_QUIZ_PROGRAMMING_QUESTION_OPTION_1140,0
1141,279,MSG_QUIZ_PROGRAMMING_QUESTION_OPTION_1141,1
1142,279,MSG_QUIZ_PROGRAMMING_QUESTION_OPTION_1142,0
1143,280,MSG_QUIZ_PROGRAMMING_QUESTION_OPTION_1143,1
1144,280,MSG_QUIZ_PROGRAMMING_QUESTION_OPTION_1144,0
1145,280,MSG_QUIZ_PROGRAMMING_QUESTION_OPTION_1145,0
1146,280,MSG_QUIZ_PROGRAMMING_QUESTION_OPTION_1146,0
1147,281,MSG_QUIZ_PROGRAMMING_QUESTION_OPTION_1147,0
1148,281,MSG_QUIZ_PROGRAMMING_QUESTION_OPTION_1148,1
1149,281,MSG_QUIZ_PROGRAMMING_QUESTION_OPTION_1149,0
1150,281,MSG_QUIZ_PROGRAMMING_QUESTION_OPTION_1150,0
1151,282,MSG_QUIZ_PROGRAMMING_QUESTION_OPTION_1151,0
1152,282,MSG_QUIZ_PROGRAMMING_QUESTION_OPTION_1152,1
1153,282,MSG_QUIZ_PROGRAMMING_QUESTION_OPTION_1153,0
1154,282,MSG_QUIZ_PROGRAMMING_QUESTION_OPTION_1154,0
1155,283,MSG_QUIZ_PROGRAMMING_QUESTION_OPTION_1155,1
1156,283,MSG_QUIZ_PROGRAMMING_QUESTION_OPTION_1156,0
1157,283,MSG_QUIZ_PROGRAMMING_QUESTION_OPTION_1157,0
1158,283,MSG_QUIZ_PROGRAMMING_QUESTION_OPTION_1158,0
1159,284,MSG_QUIZ_PROGRAMMING_QUESTION_OPTION_1159,0
1160,284,MSG_QUIZ_PROGRAMMING_QUESTION_OPTION_1160,1
1161,284,MSG_QUIZ_PROGRAMMING_QUESTION_OPTION_1161,0
1162,284,MSG_QUIZ_PROGRAMMING_QUESTION_OPTION_1162,0
1163,285,MSG_QUIZ_PROGRAMMING_QUESTION_OPTION_1163,0
1164,285,MSG_QUIZ_PROGRAMMING_QUESTION_OPTION_1164,1
1165,285,MSG_QUIZ_PROGRAMMING_QUESTION_OPTION_1165,0
1166,285,MSG_QUIZ_PROGRAMMING_QUESTION_OPTION_1166,0
1167,286,MSG_QUIZ_PROGRAMMING_QUESTION_OPTION_1167,0
1168,286,MSG_QUIZ_PROGRAMMING_QUESTION_OPTION_1168,0
1169,286,MSG_QUIZ_PROGRAMMING_QUESTION_OPTION_1169,0
1170,286,MSG_QUIZ_PROGRAMMING_QUESTION_OPTION_1170,1
1171,287,MSG_QUIZ_PROGRAMMING_QUESTION_OPTION_1171,1
1172,287,MSG_QUIZ_PROGRAMMING_QUESTION_OPTION_1172,0
1173,287,MSG_QUIZ_PROGRAMMING_QUESTION_OPTION_1173,0
1174,287,MSG_QUIZ_PROGRAMMING_QUESTION_OPTION_1174,0
1175,288,MSG_QUIZ_PROGRAMMING_QUESTION_OPTION_1175,1
1176,288,MSG_QUIZ_PROGRAMMING_QUESTION_OPTION_1176,0
1177,288,MSG_QUIZ_PROGRAMMING_QUESTION_OPTION_1177,0
1178,288,MSG_QUIZ_PROGRAMMING_QUESTION_OPTION_1178,0
1179,289,MSG_QUIZ_PROGRAMMING_QUESTION_OPTION_1179,0
1180,289,MSG_QUIZ_PROGRAMMING_QUESTION_OPTION_1180,0
1181,289,MSG_QUIZ_PROGRAMMING_QUESTION_OPTION_1181,1
1182,289,MSG_QUIZ_PROGRAMMING_QUESTION_OPTION_1182,0
1183,290,MSG_QUIZ_PROGRAMMING_QUESTION_OPTION_1183,0
1184,290,MSG_QUIZ_PROGRAMMING_QUESTION_OPTION_1184,0
1185,290,MSG_QUIZ_PROGRAMMING_QUESTION_OPTION_1185,0
1186,290,MSG_QUIZ_PROGRAMMING_QUESTION_OPTION_1186,1
1187,291,MSG_QUIZ_PROGRAMMING_QUESTION_OPTION_1187,1
1188,291,MSG_QUIZ_PROGRAMMING_QUESTION_OPTION_1188,0
1189,291,MSG_QUIZ_PROGRAMMING_QUESTION_OPTION_1189,0
1190,291,MSG_QUIZ_PROGRAMMING_QUESTION_OPTION_1190,0
1191,292,MSG_QUIZ_PROGRAMMING_QUESTION_OPTION_1191,1
1192,292,MSG_QUIZ_PROGRAMMING_QUESTION_OPTION_1192,0
1193,293,MSG_QUIZ_PROGRAMMING_QUESTION_OPTION_1193,1
1194,293,MSG_QUIZ_PROGRAMMING_QUESTION_OPTION_1194,0
1195,293,MSG_QUIZ_PROGRAMMING_QUESTION_OPTION_1195,0
1196,294,MSG_QUIZ_PROGRAMMING_QUESTION_OPTION_1196,1
1197,294,MSG_QUIZ_PROGRAMMING_QUESTION_OPTION_1197,0
1198,294,MSG_QUIZ_PROGRAMMING_QUESTION_OPTION_1198,0
1199,295,MSG_QUIZ_PROGRAMMING_QUESTION_OPTION_1199,0
1200,295,MSG_QUIZ_PROGRAMMING_QUESTION_OPTION_1200,0
1201,295,MSG_QUIZ_PROGRAMMING_QUESTION_OPTION_1201,1
1202,295,MSG_QUIZ_PROGRAMMING_QUESTION_OPTION_1202,0
1203,296,MSG_QUIZ_PROGRAMMING_QUESTION_OPTION_1203,0
1204,296,MSG_QUIZ_PROGRAMMING_QUESTION_OPTION_1204,0
1205,296,MSG_QUIZ_PROGRAMMING_QUESTION_OPTION_1205,0
1206,296,MSG_QUIZ_PROGRAMMING_QUESTION_OPTION_1206,1
1207,297,MSG_QUIZ_PROGRAMMING_QUESTION_OPTION_1207,1
1208,297,MSG_QUIZ_PROGRAMMING_QUESTION_OPTION_1208,0
1209,297,MSG_QUIZ_PROGRAMMING_QUESTION_OPTION_1209,0
1210,297,MSG_QUIZ_PROGRAMMING_QUESTION_OPTION_1210,0
1211,298,MSG_QUIZ_PROGRAMMING_QUESTION_OPTION_1211,1
1212,298,MSG_QUIZ_PROGRAMMING_QUESTION_OPTION_1212,0
1213,299,MSG_QUIZ_PROGRAMMING_QUESTION_OPTION_1213,0
1214,299,MSG_QUIZ_PROGRAMMING_QUESTION_OPTION_1214,0
1215,299,MSG_QUIZ_PROGRAMMING_QUESTION_OPTION_1215,0
1216,299,MSG_QUIZ_PROGRAMMING_QUESTION_OPTION_1216,1
1217,300,MSG_QUIZ_PROGRAMMING_QUESTION_OPTION_1217,1
1218,300,MSG_QUIZ_PROGRAMMING_QUESTION_OPTION_1218,0
1219,300,MSG_QUIZ_PROGRAMMING_QUESTION_OPTION_1219,0
1220,300,MSG_QUIZ_PROGRAMMING_QUESTION_OPTION_1220,0